method,poisoning,rep,top1,top1_val,orig_top1_val,hp,scenario,n
none,none,0,0.989,1.0,,,mnist-8,10
none,none,1,0.989,1.0,,,mnist-8,10
none,none,2,0.989,1.0,,,mnist-8,10
none,none,3,0.989,1.0,,,mnist-8,10
none,none,4,0.989,1.0,,,mnist-8,10
ridge,none,0,0.833,0.75,1.0,0.0001,mnist-8,10
ridge,none,0,0.833,0.75,1.0,0.001,mnist-8,10
ridge,none,0,0.833,0.75,1.0,0.01,mnist-8,10
ridge,none,0,0.835,0.75,1.0,0.1,mnist-8,10
ridge,none,0,0.846,0.8,1.0,1.0,mnist-8,10
ridge,none,0,0.853,0.8,1.0,10.0,mnist-8,10
ridge,none,0,0.851,0.9,1.0,100.0,mnist-8,10
ridge,none,0,0.789,0.75,1.0,1000.0,mnist-8,10
ridge,none,0,0.566,0.45,1.0,10000.0,mnist-8,10
ridge,none,1,0.858,0.7,1.0,0.0001,mnist-8,10
ridge,none,1,0.858,0.7,1.0,0.001,mnist-8,10
ridge,none,1,0.858,0.7,1.0,0.01,mnist-8,10
ridge,none,1,0.858,0.7,1.0,0.1,mnist-8,10
ridge,none,1,0.867,0.7,1.0,1.0,mnist-8,10
ridge,none,1,0.856,0.75,1.0,10.0,mnist-8,10
ridge,none,1,0.827,0.65,1.0,100.0,mnist-8,10
ridge,none,1,0.761,0.6,1.0,1000.0,mnist-8,10
ridge,none,1,0.472,0.2,1.0,10000.0,mnist-8,10
ridge,none,2,0.869,0.95,1.0,0.0001,mnist-8,10
ridge,none,2,0.869,0.95,1.0,0.001,mnist-8,10
ridge,none,2,0.869,0.95,1.0,0.01,mnist-8,10
ridge,none,2,0.869,0.95,1.0,0.1,mnist-8,10
ridge,none,2,0.88,0.95,1.0,1.0,mnist-8,10
ridge,none,2,0.892,0.85,1.0,10.0,mnist-8,10
ridge,none,2,0.875,0.8,1.0,100.0,mnist-8,10
ridge,none,2,0.766,0.8,1.0,1000.0,mnist-8,10
ridge,none,2,0.486,0.35,1.0,10000.0,mnist-8,10
ridge,none,3,0.863,0.75,1.0,0.0001,mnist-8,10
ridge,none,3,0.863,0.75,1.0,0.001,mnist-8,10
ridge,none,3,0.863,0.75,1.0,0.01,mnist-8,10
ridge,none,3,0.865,0.75,1.0,0.1,mnist-8,10
ridge,none,3,0.875,0.8,1.0,1.0,mnist-8,10
ridge,none,3,0.894,0.8,1.0,10.0,mnist-8,10
ridge,none,3,0.872,0.8,1.0,100.0,mnist-8,10
ridge,none,3,0.769,0.55,1.0,1000.0,mnist-8,10
ridge,none,3,0.514,0.35,1.0,10000.0,mnist-8,10
ridge,none,4,0.831,0.85,1.0,0.0001,mnist-8,10
ridge,none,4,0.831,0.85,1.0,0.001,mnist-8,10
ridge,none,4,0.831,0.85,1.0,0.01,mnist-8,10
ridge,none,4,0.833,0.85,1.0,0.1,mnist-8,10
ridge,none,4,0.841,0.85,1.0,1.0,mnist-8,10
ridge,none,4,0.852,0.9,1.0,10.0,mnist-8,10
ridge,none,4,0.812,0.85,1.0,100.0,mnist-8,10
ridge,none,4,0.728,0.45,1.0,1000.0,mnist-8,10
ridge,none,4,0.549,0.25,1.0,10000.0,mnist-8,10
ridge,uniform,0,0.726,0.75,1.0,0.0001,mnist-8,10
ridge,uniform,0,0.726,0.75,1.0,0.001,mnist-8,10
ridge,uniform,0,0.726,0.75,1.0,0.01,mnist-8,10
ridge,uniform,0,0.726,0.75,1.0,0.1,mnist-8,10
ridge,uniform,0,0.727,0.8,1.0,1.0,mnist-8,10
ridge,uniform,0,0.752,0.8,1.0,10.0,mnist-8,10
ridge,uniform,0,0.804,0.9,1.0,100.0,mnist-8,10
ridge,uniform,0,0.784,0.75,1.0,1000.0,mnist-8,10
ridge,uniform,0,0.577,0.45,1.0,10000.0,mnist-8,10
ridge,uniform,1,0.817,0.7,1.0,0.0001,mnist-8,10
ridge,uniform,1,0.817,0.7,1.0,0.001,mnist-8,10
ridge,uniform,1,0.817,0.7,1.0,0.01,mnist-8,10
ridge,uniform,1,0.821,0.7,1.0,0.1,mnist-8,10
ridge,uniform,1,0.834,0.7,1.0,1.0,mnist-8,10
ridge,uniform,1,0.844,0.75,1.0,10.0,mnist-8,10
ridge,uniform,1,0.823,0.65,1.0,100.0,mnist-8,10
ridge,uniform,1,0.779,0.6,1.0,1000.0,mnist-8,10
ridge,uniform,1,0.469,0.2,1.0,10000.0,mnist-8,10
ridge,uniform,2,0.833,0.95,1.0,0.0001,mnist-8,10
ridge,uniform,2,0.833,0.95,1.0,0.001,mnist-8,10
ridge,uniform,2,0.833,0.95,1.0,0.01,mnist-8,10
ridge,uniform,2,0.835,0.95,1.0,0.1,mnist-8,10
ridge,uniform,2,0.84,0.95,1.0,1.0,mnist-8,10
ridge,uniform,2,0.851,0.85,1.0,10.0,mnist-8,10
ridge,uniform,2,0.844,0.8,1.0,100.0,mnist-8,10
ridge,uniform,2,0.775,0.8,1.0,1000.0,mnist-8,10
ridge,uniform,2,0.508,0.35,1.0,10000.0,mnist-8,10
ridge,uniform,3,0.744,0.75,1.0,0.0001,mnist-8,10
ridge,uniform,3,0.744,0.75,1.0,0.001,mnist-8,10
ridge,uniform,3,0.745,0.75,1.0,0.01,mnist-8,10
ridge,uniform,3,0.75,0.75,1.0,0.1,mnist-8,10
ridge,uniform,3,0.767,0.8,1.0,1.0,mnist-8,10
ridge,uniform,3,0.818,0.8,1.0,10.0,mnist-8,10
ridge,uniform,3,0.862,0.8,1.0,100.0,mnist-8,10
ridge,uniform,3,0.786,0.55,1.0,1000.0,mnist-8,10
ridge,uniform,3,0.529,0.35,1.0,10000.0,mnist-8,10
ridge,uniform,4,0.78,0.85,1.0,0.0001,mnist-8,10
ridge,uniform,4,0.78,0.85,1.0,0.001,mnist-8,10
ridge,uniform,4,0.781,0.85,1.0,0.01,mnist-8,10
ridge,uniform,4,0.784,0.85,1.0,0.1,mnist-8,10
ridge,uniform,4,0.806,0.85,1.0,1.0,mnist-8,10
ridge,uniform,4,0.844,0.9,1.0,10.0,mnist-8,10
ridge,uniform,4,0.836,0.85,1.0,100.0,mnist-8,10
ridge,uniform,4,0.749,0.45,1.0,1000.0,mnist-8,10
ridge,uniform,4,0.547,0.25,1.0,10000.0,mnist-8,10
egem,uniform,0,0.526,0.45,1.0,0.001,mnist-8,10
egem,uniform,0,0.851,0.85,1.0,0.01,mnist-8,10
egem,uniform,0,0.88,0.9,1.0,0.1,mnist-8,10
egem,uniform,0,0.952,0.95,1.0,0.2,mnist-8,10
egem,uniform,0,0.969,0.95,1.0,0.3,mnist-8,10
egem,uniform,0,0.969,0.95,1.0,0.4,mnist-8,10
egem,uniform,0,0.976,1.0,1.0,0.5,mnist-8,10
egem,uniform,0,0.976,1.0,1.0,0.6,mnist-8,10
egem,uniform,0,0.947,1.0,1.0,0.7,mnist-8,10
egem,uniform,0,0.764,1.0,1.0,0.8,mnist-8,10
egem,uniform,0,0.694,1.0,1.0,0.9,mnist-8,10
egem,uniform,0,0.694,1.0,1.0,0.99,mnist-8,10
egem,uniform,1,0.493,0.35,1.0,0.001,mnist-8,10
egem,uniform,1,0.853,0.75,1.0,0.01,mnist-8,10
egem,uniform,1,0.868,0.8,1.0,0.1,mnist-8,10
egem,uniform,1,0.937,0.95,1.0,0.2,mnist-8,10
egem,uniform,1,0.96,1.0,1.0,0.3,mnist-8,10
egem,uniform,1,0.975,1.0,1.0,0.4,mnist-8,10
egem,uniform,1,0.974,1.0,1.0,0.5,mnist-8,10
egem,uniform,1,0.981,1.0,1.0,0.6,mnist-8,10
egem,uniform,1,0.94,1.0,1.0,0.7,mnist-8,10
egem,uniform,1,0.742,1.0,1.0,0.8,mnist-8,10
egem,uniform,1,0.701,1.0,1.0,0.9,mnist-8,10
egem,uniform,1,0.701,1.0,1.0,0.99,mnist-8,10
egem,uniform,2,0.495,0.3,1.0,0.001,mnist-8,10
egem,uniform,2,0.844,0.8,1.0,0.01,mnist-8,10
egem,uniform,2,0.87,0.85,1.0,0.1,mnist-8,10
egem,uniform,2,0.941,0.95,1.0,0.2,mnist-8,10
egem,uniform,2,0.967,1.0,1.0,0.3,mnist-8,10
egem,uniform,2,0.966,1.0,1.0,0.4,mnist-8,10
egem,uniform,2,0.977,1.0,1.0,0.5,mnist-8,10
egem,uniform,2,0.987,1.0,1.0,0.6,mnist-8,10
egem,uniform,2,0.979,1.0,1.0,0.7,mnist-8,10
egem,uniform,2,0.827,1.0,1.0,0.8,mnist-8,10
egem,uniform,2,0.701,1.0,1.0,0.9,mnist-8,10
egem,uniform,2,0.701,1.0,1.0,0.99,mnist-8,10
egem,uniform,3,0.491,0.4,1.0,0.001,mnist-8,10
egem,uniform,3,0.857,0.75,1.0,0.01,mnist-8,10
egem,uniform,3,0.879,0.85,1.0,0.1,mnist-8,10
egem,uniform,3,0.948,0.9,1.0,0.2,mnist-8,10
egem,uniform,3,0.969,0.9,1.0,0.3,mnist-8,10
egem,uniform,3,0.972,0.9,1.0,0.4,mnist-8,10
egem,uniform,3,0.98,0.95,1.0,0.5,mnist-8,10
egem,uniform,3,0.982,1.0,1.0,0.6,mnist-8,10
egem,uniform,3,0.984,1.0,1.0,0.7,mnist-8,10
egem,uniform,3,0.806,1.0,1.0,0.8,mnist-8,10
egem,uniform,3,0.702,1.0,1.0,0.9,mnist-8,10
egem,uniform,3,0.702,1.0,1.0,0.99,mnist-8,10
egem,uniform,4,0.475,0.35,1.0,0.001,mnist-8,10
egem,uniform,4,0.844,0.7,1.0,0.01,mnist-8,10
egem,uniform,4,0.862,0.75,1.0,0.1,mnist-8,10
egem,uniform,4,0.929,0.8,1.0,0.2,mnist-8,10
egem,uniform,4,0.968,0.95,1.0,0.3,mnist-8,10
egem,uniform,4,0.968,0.95,1.0,0.4,mnist-8,10
egem,uniform,4,0.976,1.0,1.0,0.5,mnist-8,10
egem,uniform,4,0.979,1.0,1.0,0.6,mnist-8,10
egem,uniform,4,0.945,1.0,1.0,0.7,mnist-8,10
egem,uniform,4,0.767,1.0,1.0,0.8,mnist-8,10
egem,uniform,4,0.701,1.0,1.0,0.9,mnist-8,10
egem,uniform,4,0.701,1.0,1.0,0.99,mnist-8,10
none,uniform,0,0.691,1.0,,,mnist-8,10
none,uniform,1,0.691,1.0,,,mnist-8,10
none,uniform,2,0.691,1.0,,,mnist-8,10
none,uniform,3,0.691,1.0,,,mnist-8,10
none,uniform,4,0.691,1.0,,,mnist-8,10
egem,none,0,0.523,0.45,1.0,0.001,mnist-8,10
egem,none,0,0.852,0.85,1.0,0.01,mnist-8,10
egem,none,0,0.878,0.9,1.0,0.1,mnist-8,10
egem,none,0,0.952,0.95,1.0,0.2,mnist-8,10
egem,none,0,0.971,0.95,1.0,0.3,mnist-8,10
egem,none,0,0.97,0.95,1.0,0.4,mnist-8,10
egem,none,0,0.98,1.0,1.0,0.5,mnist-8,10
egem,none,0,0.983,1.0,1.0,0.6,mnist-8,10
egem,none,0,0.987,1.0,1.0,0.7,mnist-8,10
egem,none,0,0.989,1.0,1.0,0.8,mnist-8,10
egem,none,0,0.989,1.0,1.0,0.9,mnist-8,10
egem,none,0,0.989,1.0,1.0,0.99,mnist-8,10
egem,none,1,0.492,0.35,1.0,0.001,mnist-8,10
egem,none,1,0.856,0.75,1.0,0.01,mnist-8,10
egem,none,1,0.866,0.8,1.0,0.1,mnist-8,10
egem,none,1,0.942,0.95,1.0,0.2,mnist-8,10
egem,none,1,0.964,1.0,1.0,0.3,mnist-8,10
egem,none,1,0.975,1.0,1.0,0.4,mnist-8,10
egem,none,1,0.974,1.0,1.0,0.5,mnist-8,10
egem,none,1,0.986,1.0,1.0,0.6,mnist-8,10
egem,none,1,0.989,1.0,1.0,0.7,mnist-8,10
egem,none,1,0.989,1.0,1.0,0.8,mnist-8,10
egem,none,1,0.989,1.0,1.0,0.9,mnist-8,10
egem,none,1,0.989,1.0,1.0,0.99,mnist-8,10
egem,none,2,0.496,0.3,1.0,0.001,mnist-8,10
egem,none,2,0.845,0.8,1.0,0.01,mnist-8,10
egem,none,2,0.873,0.85,1.0,0.1,mnist-8,10
egem,none,2,0.946,0.95,1.0,0.2,mnist-8,10
egem,none,2,0.969,1.0,1.0,0.3,mnist-8,10
egem,none,2,0.972,1.0,1.0,0.4,mnist-8,10
egem,none,2,0.983,1.0,1.0,0.5,mnist-8,10
egem,none,2,0.984,1.0,1.0,0.6,mnist-8,10
egem,none,2,0.987,1.0,1.0,0.7,mnist-8,10
egem,none,2,0.989,1.0,1.0,0.8,mnist-8,10
egem,none,2,0.989,1.0,1.0,0.9,mnist-8,10
egem,none,2,0.989,1.0,1.0,0.99,mnist-8,10
egem,none,3,0.492,0.4,1.0,0.001,mnist-8,10
egem,none,3,0.859,0.75,1.0,0.01,mnist-8,10
egem,none,3,0.88,0.85,1.0,0.1,mnist-8,10
egem,none,3,0.95,0.9,1.0,0.2,mnist-8,10
egem,none,3,0.97,0.9,1.0,0.3,mnist-8,10
egem,none,3,0.972,0.9,1.0,0.4,mnist-8,10
egem,none,3,0.98,0.95,1.0,0.5,mnist-8,10
egem,none,3,0.986,1.0,1.0,0.6,mnist-8,10
egem,none,3,0.988,1.0,1.0,0.7,mnist-8,10
egem,none,3,0.989,1.0,1.0,0.8,mnist-8,10
egem,none,3,0.989,1.0,1.0,0.9,mnist-8,10
egem,none,3,0.989,1.0,1.0,0.99,mnist-8,10
egem,none,4,0.469,0.35,1.0,0.001,mnist-8,10
egem,none,4,0.846,0.7,1.0,0.01,mnist-8,10
egem,none,4,0.865,0.75,1.0,0.1,mnist-8,10
egem,none,4,0.932,0.8,1.0,0.2,mnist-8,10
egem,none,4,0.972,0.95,1.0,0.3,mnist-8,10
egem,none,4,0.973,0.95,1.0,0.4,mnist-8,10
egem,none,4,0.983,1.0,1.0,0.5,mnist-8,10
egem,none,4,0.985,1.0,1.0,0.6,mnist-8,10
egem,none,4,0.988,1.0,1.0,0.7,mnist-8,10
egem,none,4,0.989,1.0,1.0,0.8,mnist-8,10
egem,none,4,0.989,1.0,1.0,0.9,mnist-8,10
egem,none,4,0.989,1.0,1.0,0.99,mnist-8,10
pcaegem,uniform,0,0.097,0.05,1.0,0.001,mnist-8,10
pcaegem,uniform,0,0.097,0.05,1.0,0.01,mnist-8,10
pcaegem,uniform,0,0.632,0.6,1.0,0.1,mnist-8,10
pcaegem,uniform,0,0.794,0.7,1.0,0.2,mnist-8,10
pcaegem,uniform,0,0.855,0.8,1.0,0.3,mnist-8,10
pcaegem,uniform,0,0.872,0.85,1.0,0.4,mnist-8,10
pcaegem,uniform,0,0.888,0.85,1.0,0.5,mnist-8,10
pcaegem,uniform,0,0.91,0.85,1.0,0.6,mnist-8,10
pcaegem,uniform,0,0.916,0.85,1.0,0.7,mnist-8,10
pcaegem,uniform,0,0.928,0.85,1.0,0.8,mnist-8,10
pcaegem,uniform,0,0.933,0.9,1.0,0.9,mnist-8,10
pcaegem,uniform,0,0.935,0.95,1.0,0.99,mnist-8,10
pcaegem,uniform,1,0.097,0.0,1.0,0.001,mnist-8,10
pcaegem,uniform,1,0.097,0.0,1.0,0.01,mnist-8,10
pcaegem,uniform,1,0.538,0.5,1.0,0.1,mnist-8,10
pcaegem,uniform,1,0.804,0.9,1.0,0.2,mnist-8,10
pcaegem,uniform,1,0.863,0.9,1.0,0.3,mnist-8,10
pcaegem,uniform,1,0.894,0.9,1.0,0.4,mnist-8,10
pcaegem,uniform,1,0.92,0.9,1.0,0.5,mnist-8,10
pcaegem,uniform,1,0.936,0.9,1.0,0.6,mnist-8,10
pcaegem,uniform,1,0.94,0.9,1.0,0.7,mnist-8,10
pcaegem,uniform,1,0.95,0.95,1.0,0.8,mnist-8,10
pcaegem,uniform,1,0.955,0.95,1.0,0.9,mnist-8,10
pcaegem,uniform,1,0.956,1.0,1.0,0.99,mnist-8,10
pcaegem,uniform,2,0.097,0.1,1.0,0.001,mnist-8,10
pcaegem,uniform,2,0.098,0.1,1.0,0.01,mnist-8,10
pcaegem,uniform,2,0.564,0.55,1.0,0.1,mnist-8,10
pcaegem,uniform,2,0.756,0.75,1.0,0.2,mnist-8,10
pcaegem,uniform,2,0.813,0.9,1.0,0.3,mnist-8,10
pcaegem,uniform,2,0.846,0.9,1.0,0.4,mnist-8,10
pcaegem,uniform,2,0.883,1.0,1.0,0.5,mnist-8,10
pcaegem,uniform,2,0.902,1.0,1.0,0.6,mnist-8,10
pcaegem,uniform,2,0.925,1.0,1.0,0.7,mnist-8,10
pcaegem,uniform,2,0.94,1.0,1.0,0.8,mnist-8,10
pcaegem,uniform,2,0.946,1.0,1.0,0.9,mnist-8,10
pcaegem,uniform,2,0.953,1.0,1.0,0.99,mnist-8,10
pcaegem,uniform,3,0.097,0.05,1.0,0.001,mnist-8,10
pcaegem,uniform,3,0.097,0.05,1.0,0.01,mnist-8,10
pcaegem,uniform,3,0.68,0.55,1.0,0.1,mnist-8,10
pcaegem,uniform,3,0.805,0.8,1.0,0.2,mnist-8,10
pcaegem,uniform,3,0.849,0.85,1.0,0.3,mnist-8,10
pcaegem,uniform,3,0.873,0.85,1.0,0.4,mnist-8,10
pcaegem,uniform,3,0.895,0.9,1.0,0.5,mnist-8,10
pcaegem,uniform,3,0.914,1.0,1.0,0.6,mnist-8,10
pcaegem,uniform,3,0.922,1.0,1.0,0.7,mnist-8,10
pcaegem,uniform,3,0.935,1.0,1.0,0.8,mnist-8,10
pcaegem,uniform,3,0.952,1.0,1.0,0.9,mnist-8,10
pcaegem,uniform,3,0.955,1.0,1.0,0.99,mnist-8,10
pcaegem,uniform,4,0.097,0.15,1.0,0.001,mnist-8,10
pcaegem,uniform,4,0.097,0.15,1.0,0.01,mnist-8,10
pcaegem,uniform,4,0.643,0.6,1.0,0.1,mnist-8,10
pcaegem,uniform,4,0.8,0.8,1.0,0.2,mnist-8,10
pcaegem,uniform,4,0.841,0.9,1.0,0.3,mnist-8,10
pcaegem,uniform,4,0.856,0.9,1.0,0.4,mnist-8,10
pcaegem,uniform,4,0.885,0.9,1.0,0.5,mnist-8,10
pcaegem,uniform,4,0.894,0.95,1.0,0.6,mnist-8,10
pcaegem,uniform,4,0.919,0.95,1.0,0.7,mnist-8,10
pcaegem,uniform,4,0.926,0.95,1.0,0.8,mnist-8,10
pcaegem,uniform,4,0.949,0.95,1.0,0.9,mnist-8,10
pcaegem,uniform,4,0.952,0.95,1.0,0.99,mnist-8,10
pcaegem,none,0,0.097,0.05,1.0,0.001,mnist-8,10
pcaegem,none,0,0.097,0.05,1.0,0.01,mnist-8,10
pcaegem,none,0,0.638,0.6,1.0,0.1,mnist-8,10
pcaegem,none,0,0.797,0.7,1.0,0.2,mnist-8,10
pcaegem,none,0,0.853,0.8,1.0,0.3,mnist-8,10
pcaegem,none,0,0.876,0.85,1.0,0.4,mnist-8,10
pcaegem,none,0,0.895,0.85,1.0,0.5,mnist-8,10
pcaegem,none,0,0.912,0.85,1.0,0.6,mnist-8,10
pcaegem,none,0,0.922,0.85,1.0,0.7,mnist-8,10
pcaegem,none,0,0.935,0.85,1.0,0.8,mnist-8,10
pcaegem,none,0,0.938,0.9,1.0,0.9,mnist-8,10
pcaegem,none,0,0.94,0.95,1.0,0.99,mnist-8,10
pcaegem,none,1,0.097,0.0,1.0,0.001,mnist-8,10
pcaegem,none,1,0.097,0.0,1.0,0.01,mnist-8,10
pcaegem,none,1,0.538,0.5,1.0,0.1,mnist-8,10
pcaegem,none,1,0.802,0.9,1.0,0.2,mnist-8,10
pcaegem,none,1,0.863,0.9,1.0,0.3,mnist-8,10
pcaegem,none,1,0.893,0.9,1.0,0.4,mnist-8,10
pcaegem,none,1,0.921,0.9,1.0,0.5,mnist-8,10
pcaegem,none,1,0.935,0.9,1.0,0.6,mnist-8,10
pcaegem,none,1,0.94,0.9,1.0,0.7,mnist-8,10
pcaegem,none,1,0.949,0.95,1.0,0.8,mnist-8,10
pcaegem,none,1,0.955,0.95,1.0,0.9,mnist-8,10
pcaegem,none,1,0.958,1.0,1.0,0.99,mnist-8,10
pcaegem,none,2,0.097,0.1,1.0,0.001,mnist-8,10
pcaegem,none,2,0.098,0.1,1.0,0.01,mnist-8,10
pcaegem,none,2,0.568,0.55,1.0,0.1,mnist-8,10
pcaegem,none,2,0.759,0.75,1.0,0.2,mnist-8,10
pcaegem,none,2,0.816,0.9,1.0,0.3,mnist-8,10
pcaegem,none,2,0.848,0.9,1.0,0.4,mnist-8,10
pcaegem,none,2,0.883,1.0,1.0,0.5,mnist-8,10
pcaegem,none,2,0.905,1.0,1.0,0.6,mnist-8,10
pcaegem,none,2,0.93,1.0,1.0,0.7,mnist-8,10
pcaegem,none,2,0.941,1.0,1.0,0.8,mnist-8,10
pcaegem,none,2,0.947,1.0,1.0,0.9,mnist-8,10
pcaegem,none,2,0.955,1.0,1.0,0.99,mnist-8,10
pcaegem,none,3,0.097,0.05,1.0,0.001,mnist-8,10
pcaegem,none,3,0.097,0.05,1.0,0.01,mnist-8,10
pcaegem,none,3,0.68,0.55,1.0,0.1,mnist-8,10
pcaegem,none,3,0.808,0.8,1.0,0.2,mnist-8,10
pcaegem,none,3,0.853,0.85,1.0,0.3,mnist-8,10
pcaegem,none,3,0.874,0.85,1.0,0.4,mnist-8,10
pcaegem,none,3,0.896,0.9,1.0,0.5,mnist-8,10
pcaegem,none,3,0.917,1.0,1.0,0.6,mnist-8,10
pcaegem,none,3,0.924,1.0,1.0,0.7,mnist-8,10
pcaegem,none,3,0.939,1.0,1.0,0.8,mnist-8,10
pcaegem,none,3,0.952,1.0,1.0,0.9,mnist-8,10
pcaegem,none,3,0.954,1.0,1.0,0.99,mnist-8,10
pcaegem,none,4,0.097,0.15,1.0,0.001,mnist-8,10
pcaegem,none,4,0.097,0.15,1.0,0.01,mnist-8,10
pcaegem,none,4,0.646,0.6,1.0,0.1,mnist-8,10
pcaegem,none,4,0.799,0.8,1.0,0.2,mnist-8,10
pcaegem,none,4,0.841,0.9,1.0,0.3,mnist-8,10
pcaegem,none,4,0.859,0.9,1.0,0.4,mnist-8,10
pcaegem,none,4,0.885,0.9,1.0,0.5,mnist-8,10
pcaegem,none,4,0.895,0.95,1.0,0.6,mnist-8,10
pcaegem,none,4,0.916,0.95,1.0,0.7,mnist-8,10
pcaegem,none,4,0.929,0.95,1.0,0.8,mnist-8,10
pcaegem,none,4,0.942,0.95,1.0,0.9,mnist-8,10
pcaegem,none,4,0.947,0.95,1.0,0.99,mnist-8,10
none,uniform,0,0.691,1.0,,,mnist-8,200
none,uniform,1,0.691,1.0,,,mnist-8,200
none,uniform,2,0.691,1.0,,,mnist-8,200
none,uniform,3,0.691,1.0,,,mnist-8,200
none,uniform,4,0.691,1.0,,,mnist-8,200
none,none,0,0.989,1.0,,,mnist-8,200
none,none,1,0.989,1.0,,,mnist-8,200
none,none,2,0.989,1.0,,,mnist-8,200
none,none,3,0.989,1.0,,,mnist-8,200
none,none,4,0.989,1.0,,,mnist-8,200
egem,none,0,0.514,0.5125,1.0,0.001,mnist-8,200
egem,none,0,0.847,0.84,1.0,0.01,mnist-8,200
egem,none,0,0.872,0.8725,1.0,0.1,mnist-8,200
egem,none,0,0.948,0.9575,1.0,0.2,mnist-8,200
egem,none,0,0.972,0.9775,1.0,0.3,mnist-8,200
egem,none,0,0.972,0.98,1.0,0.4,mnist-8,200
egem,none,0,0.984,1.0,1.0,0.5,mnist-8,200
egem,none,0,0.985,1.0,1.0,0.6,mnist-8,200
egem,none,0,0.988,1.0,1.0,0.7,mnist-8,200
egem,none,0,0.989,1.0,1.0,0.8,mnist-8,200
egem,none,0,0.989,1.0,1.0,0.9,mnist-8,200
egem,none,0,0.989,1.0,1.0,0.99,mnist-8,200
egem,none,1,0.507,0.505,1.0,0.001,mnist-8,200
egem,none,1,0.842,0.7875,1.0,0.01,mnist-8,200
egem,none,1,0.87,0.835,1.0,0.1,mnist-8,200
egem,none,1,0.948,0.94,1.0,0.2,mnist-8,200
egem,none,1,0.971,0.97,1.0,0.3,mnist-8,200
egem,none,1,0.974,0.97,1.0,0.4,mnist-8,200
egem,none,1,0.982,0.99,1.0,0.5,mnist-8,200
egem,none,1,0.984,0.9925,1.0,0.6,mnist-8,200
egem,none,1,0.988,1.0,1.0,0.7,mnist-8,200
egem,none,1,0.989,1.0,1.0,0.8,mnist-8,200
egem,none,1,0.989,1.0,1.0,0.9,mnist-8,200
egem,none,1,0.989,1.0,1.0,0.99,mnist-8,200
egem,none,2,0.512,0.47,1.0,0.001,mnist-8,200
egem,none,2,0.842,0.785,1.0,0.01,mnist-8,200
egem,none,2,0.87,0.8375,1.0,0.1,mnist-8,200
egem,none,2,0.948,0.9375,1.0,0.2,mnist-8,200
egem,none,2,0.972,0.9775,1.0,0.3,mnist-8,200
egem,none,2,0.973,0.9775,1.0,0.4,mnist-8,200
egem,none,2,0.982,0.995,1.0,0.5,mnist-8,200
egem,none,2,0.985,1.0,1.0,0.6,mnist-8,200
egem,none,2,0.988,1.0,1.0,0.7,mnist-8,200
egem,none,2,0.989,1.0,1.0,0.8,mnist-8,200
egem,none,2,0.989,1.0,1.0,0.9,mnist-8,200
egem,none,2,0.989,1.0,1.0,0.99,mnist-8,200
egem,none,3,0.5,0.4825,1.0,0.001,mnist-8,200
egem,none,3,0.842,0.8025,1.0,0.01,mnist-8,200
egem,none,3,0.868,0.84,1.0,0.1,mnist-8,200
egem,none,3,0.949,0.9425,1.0,0.2,mnist-8,200
egem,none,3,0.97,0.9725,1.0,0.3,mnist-8,200
egem,none,3,0.97,0.9725,1.0,0.4,mnist-8,200
egem,none,3,0.983,0.995,1.0,0.5,mnist-8,200
egem,none,3,0.985,1.0,1.0,0.6,mnist-8,200
egem,none,3,0.988,1.0,1.0,0.7,mnist-8,200
egem,none,3,0.989,1.0,1.0,0.8,mnist-8,200
egem,none,3,0.989,1.0,1.0,0.9,mnist-8,200
egem,none,3,0.989,1.0,1.0,0.99,mnist-8,200
egem,none,4,0.503,0.49,1.0,0.001,mnist-8,200
egem,none,4,0.845,0.8325,1.0,0.01,mnist-8,200
egem,none,4,0.871,0.86,1.0,0.1,mnist-8,200
egem,none,4,0.944,0.9275,1.0,0.2,mnist-8,200
egem,none,4,0.971,0.97,1.0,0.3,mnist-8,200
egem,none,4,0.971,0.97,1.0,0.4,mnist-8,200
egem,none,4,0.983,0.985,1.0,0.5,mnist-8,200
egem,none,4,0.985,0.9975,1.0,0.6,mnist-8,200
egem,none,4,0.988,1.0,1.0,0.7,mnist-8,200
egem,none,4,0.989,1.0,1.0,0.8,mnist-8,200
egem,none,4,0.989,1.0,1.0,0.9,mnist-8,200
egem,none,4,0.989,1.0,1.0,0.99,mnist-8,200
egem,uniform,0,0.517,0.5125,1.0,0.001,mnist-8,200
egem,uniform,0,0.846,0.84,1.0,0.01,mnist-8,200
egem,uniform,0,0.868,0.8725,1.0,0.1,mnist-8,200
egem,uniform,0,0.945,0.9575,1.0,0.2,mnist-8,200
egem,uniform,0,0.968,0.9775,1.0,0.3,mnist-8,200
egem,uniform,0,0.969,0.98,1.0,0.4,mnist-8,200
egem,uniform,0,0.968,1.0,1.0,0.5,mnist-8,200
egem,uniform,0,0.965,1.0,1.0,0.6,mnist-8,200
egem,uniform,0,0.935,1.0,1.0,0.7,mnist-8,200
egem,uniform,0,0.802,1.0,1.0,0.8,mnist-8,200
egem,uniform,0,0.691,1.0,1.0,0.9,mnist-8,200
egem,uniform,0,0.691,1.0,1.0,0.99,mnist-8,200
egem,uniform,1,0.51,0.505,1.0,0.001,mnist-8,200
egem,uniform,1,0.842,0.7875,1.0,0.01,mnist-8,200
egem,uniform,1,0.869,0.835,1.0,0.1,mnist-8,200
egem,uniform,1,0.941,0.94,1.0,0.2,mnist-8,200
egem,uniform,1,0.97,0.97,1.0,0.3,mnist-8,200
egem,uniform,1,0.967,0.97,1.0,0.4,mnist-8,200
egem,uniform,1,0.975,0.99,1.0,0.5,mnist-8,200
egem,uniform,1,0.977,0.9925,1.0,0.6,mnist-8,200
egem,uniform,1,0.955,1.0,1.0,0.7,mnist-8,200
egem,uniform,1,0.774,1.0,1.0,0.8,mnist-8,200
egem,uniform,1,0.691,1.0,1.0,0.9,mnist-8,200
egem,uniform,1,0.691,1.0,1.0,0.99,mnist-8,200
egem,uniform,2,0.52,0.47,1.0,0.001,mnist-8,200
egem,uniform,2,0.844,0.785,1.0,0.01,mnist-8,200
egem,uniform,2,0.869,0.8375,1.0,0.1,mnist-8,200
egem,uniform,2,0.944,0.9375,1.0,0.2,mnist-8,200
egem,uniform,2,0.97,0.9775,1.0,0.3,mnist-8,200
egem,uniform,2,0.968,0.9775,1.0,0.4,mnist-8,200
egem,uniform,2,0.973,0.995,1.0,0.5,mnist-8,200
egem,uniform,2,0.976,1.0,1.0,0.6,mnist-8,200
egem,uniform,2,0.952,1.0,1.0,0.7,mnist-8,200
egem,uniform,2,0.775,1.0,1.0,0.8,mnist-8,200
egem,uniform,2,0.691,1.0,1.0,0.9,mnist-8,200
egem,uniform,2,0.691,1.0,1.0,0.99,mnist-8,200
egem,uniform,3,0.504,0.4825,1.0,0.001,mnist-8,200
egem,uniform,3,0.842,0.8025,1.0,0.01,mnist-8,200
egem,uniform,3,0.863,0.84,1.0,0.1,mnist-8,200
egem,uniform,3,0.945,0.9425,1.0,0.2,mnist-8,200
egem,uniform,3,0.968,0.9725,1.0,0.3,mnist-8,200
egem,uniform,3,0.968,0.9725,1.0,0.4,mnist-8,200
egem,uniform,3,0.976,0.995,1.0,0.5,mnist-8,200
egem,uniform,3,0.979,1.0,1.0,0.6,mnist-8,200
egem,uniform,3,0.964,1.0,1.0,0.7,mnist-8,200
egem,uniform,3,0.841,1.0,1.0,0.8,mnist-8,200
egem,uniform,3,0.691,1.0,1.0,0.9,mnist-8,200
egem,uniform,3,0.691,1.0,1.0,0.99,mnist-8,200
egem,uniform,4,0.506,0.49,1.0,0.001,mnist-8,200
egem,uniform,4,0.844,0.8325,1.0,0.01,mnist-8,200
egem,uniform,4,0.864,0.86,1.0,0.1,mnist-8,200
egem,uniform,4,0.942,0.9275,1.0,0.2,mnist-8,200
egem,uniform,4,0.968,0.97,1.0,0.3,mnist-8,200
egem,uniform,4,0.968,0.97,1.0,0.4,mnist-8,200
egem,uniform,4,0.97,0.985,1.0,0.5,mnist-8,200
egem,uniform,4,0.967,0.9975,1.0,0.6,mnist-8,200
egem,uniform,4,0.933,1.0,1.0,0.7,mnist-8,200
egem,uniform,4,0.79,1.0,1.0,0.8,mnist-8,200
egem,uniform,4,0.691,1.0,1.0,0.9,mnist-8,200
egem,uniform,4,0.691,1.0,1.0,0.99,mnist-8,200
pcaegem,none,0,0.097,0.0975,1.0,0.001,mnist-8,200
pcaegem,none,0,0.48,0.5325,1.0,0.01,mnist-8,200
pcaegem,none,0,0.973,0.995,1.0,0.1,mnist-8,200
pcaegem,none,0,0.983,0.9975,1.0,0.2,mnist-8,200
pcaegem,none,0,0.985,0.9975,1.0,0.3,mnist-8,200
pcaegem,none,0,0.988,1.0,1.0,0.4,mnist-8,200
pcaegem,none,0,0.989,1.0,1.0,0.5,mnist-8,200
pcaegem,none,0,0.989,1.0,1.0,0.6,mnist-8,200
pcaegem,none,0,0.99,1.0,1.0,0.7,mnist-8,200
pcaegem,none,0,0.989,1.0,1.0,0.8,mnist-8,200
pcaegem,none,0,0.989,1.0,1.0,0.9,mnist-8,200
pcaegem,none,0,0.989,1.0,1.0,0.99,mnist-8,200
pcaegem,none,1,0.097,0.085,1.0,0.001,mnist-8,200
pcaegem,none,1,0.494,0.46,1.0,0.01,mnist-8,200
pcaegem,none,1,0.975,0.97,1.0,0.1,mnist-8,200
pcaegem,none,1,0.983,0.99,1.0,0.2,mnist-8,200
pcaegem,none,1,0.983,0.9975,1.0,0.3,mnist-8,200
pcaegem,none,1,0.988,1.0,1.0,0.4,mnist-8,200
pcaegem,none,1,0.989,1.0,1.0,0.5,mnist-8,200
pcaegem,none,1,0.99,1.0,1.0,0.6,mnist-8,200
pcaegem,none,1,0.99,1.0,1.0,0.7,mnist-8,200
pcaegem,none,1,0.989,1.0,1.0,0.8,mnist-8,200
pcaegem,none,1,0.989,1.0,1.0,0.9,mnist-8,200
pcaegem,none,1,0.989,1.0,1.0,0.99,mnist-8,200
pcaegem,none,2,0.097,0.0825,1.0,0.001,mnist-8,200
pcaegem,none,2,0.488,0.455,1.0,0.01,mnist-8,200
pcaegem,none,2,0.975,0.9875,1.0,0.1,mnist-8,200
pcaegem,none,2,0.984,0.995,1.0,0.2,mnist-8,200
pcaegem,none,2,0.984,0.9975,1.0,0.3,mnist-8,200
pcaegem,none,2,0.987,1.0,1.0,0.4,mnist-8,200
pcaegem,none,2,0.988,1.0,1.0,0.5,mnist-8,200
pcaegem,none,2,0.99,1.0,1.0,0.6,mnist-8,200
pcaegem,none,2,0.99,1.0,1.0,0.7,mnist-8,200
pcaegem,none,2,0.989,1.0,1.0,0.8,mnist-8,200
pcaegem,none,2,0.989,1.0,1.0,0.9,mnist-8,200
pcaegem,none,2,0.989,1.0,1.0,0.99,mnist-8,200
pcaegem,none,3,0.097,0.0875,1.0,0.001,mnist-8,200
pcaegem,none,3,0.495,0.465,1.0,0.01,mnist-8,200
pcaegem,none,3,0.973,0.9725,1.0,0.1,mnist-8,200
pcaegem,none,3,0.982,0.99,1.0,0.2,mnist-8,200
pcaegem,none,3,0.983,0.9975,1.0,0.3,mnist-8,200
pcaegem,none,3,0.987,1.0,1.0,0.4,mnist-8,200
pcaegem,none,3,0.989,1.0,1.0,0.5,mnist-8,200
pcaegem,none,3,0.99,1.0,1.0,0.6,mnist-8,200
pcaegem,none,3,0.99,1.0,1.0,0.7,mnist-8,200
pcaegem,none,3,0.989,1.0,1.0,0.8,mnist-8,200
pcaegem,none,3,0.989,1.0,1.0,0.9,mnist-8,200
pcaegem,none,3,0.989,1.0,1.0,0.99,mnist-8,200
pcaegem,none,4,0.097,0.095,1.0,0.001,mnist-8,200
pcaegem,none,4,0.486,0.4875,1.0,0.01,mnist-8,200
pcaegem,none,4,0.974,0.98,1.0,0.1,mnist-8,200
pcaegem,none,4,0.983,0.995,1.0,0.2,mnist-8,200
pcaegem,none,4,0.983,1.0,1.0,0.3,mnist-8,200
pcaegem,none,4,0.985,1.0,1.0,0.4,mnist-8,200
pcaegem,none,4,0.988,1.0,1.0,0.5,mnist-8,200
pcaegem,none,4,0.99,1.0,1.0,0.6,mnist-8,200
pcaegem,none,4,0.99,1.0,1.0,0.7,mnist-8,200
pcaegem,none,4,0.989,1.0,1.0,0.8,mnist-8,200
pcaegem,none,4,0.989,1.0,1.0,0.9,mnist-8,200
pcaegem,none,4,0.989,1.0,1.0,0.99,mnist-8,200
ridge,uniform,0,0.782,0.9825,1.0,0.0001,mnist-8,200
ridge,uniform,0,0.793,0.9825,1.0,0.001,mnist-8,200
ridge,uniform,0,0.8,0.9825,1.0,0.01,mnist-8,200
ridge,uniform,0,0.803,0.99,1.0,0.1,mnist-8,200
ridge,uniform,0,0.806,0.9875,1.0,1.0,mnist-8,200
ridge,uniform,0,0.864,0.975,1.0,10.0,mnist-8,200
ridge,uniform,0,0.903,0.9475,1.0,100.0,mnist-8,200
ridge,uniform,0,0.857,0.87,1.0,1000.0,mnist-8,200
ridge,uniform,0,0.756,0.7425,1.0,10000.0,mnist-8,200
ridge,uniform,1,0.713,0.9625,1.0,0.0001,mnist-8,200
ridge,uniform,1,0.715,0.965,1.0,0.001,mnist-8,200
ridge,uniform,1,0.724,0.9675,1.0,0.01,mnist-8,200
ridge,uniform,1,0.751,0.97,1.0,0.1,mnist-8,200
ridge,uniform,1,0.805,0.9675,1.0,1.0,mnist-8,200
ridge,uniform,1,0.881,0.9575,1.0,10.0,mnist-8,200
ridge,uniform,1,0.91,0.9325,1.0,100.0,mnist-8,200
ridge,uniform,1,0.858,0.8425,1.0,1000.0,mnist-8,200
ridge,uniform,1,0.786,0.74,1.0,10000.0,mnist-8,200
ridge,uniform,2,0.619,0.965,1.0,0.0001,mnist-8,200
ridge,uniform,2,0.613,0.965,1.0,0.001,mnist-8,200
ridge,uniform,2,0.632,0.9675,1.0,0.01,mnist-8,200
ridge,uniform,2,0.69,0.97,1.0,0.1,mnist-8,200
ridge,uniform,2,0.772,0.9725,1.0,1.0,mnist-8,200
ridge,uniform,2,0.875,0.9675,1.0,10.0,mnist-8,200
ridge,uniform,2,0.909,0.925,1.0,100.0,mnist-8,200
ridge,uniform,2,0.872,0.8525,1.0,1000.0,mnist-8,200
ridge,uniform,2,0.803,0.765,1.0,10000.0,mnist-8,200
ridge,uniform,3,0.568,0.96,1.0,0.0001,mnist-8,200
ridge,uniform,3,0.59,0.9575,1.0,0.001,mnist-8,200
ridge,uniform,3,0.634,0.9575,1.0,0.01,mnist-8,200
ridge,uniform,3,0.642,0.9575,1.0,0.1,mnist-8,200
ridge,uniform,3,0.719,0.965,1.0,1.0,mnist-8,200
ridge,uniform,3,0.857,0.9525,1.0,10.0,mnist-8,200
ridge,uniform,3,0.897,0.9225,1.0,100.0,mnist-8,200
ridge,uniform,3,0.866,0.8575,1.0,1000.0,mnist-8,200
ridge,uniform,3,0.82,0.785,1.0,10000.0,mnist-8,200
ridge,uniform,4,0.756,0.9825,1.0,0.0001,mnist-8,200
ridge,uniform,4,0.776,0.9825,1.0,0.001,mnist-8,200
ridge,uniform,4,0.781,0.98,1.0,0.01,mnist-8,200
ridge,uniform,4,0.755,0.9775,1.0,0.1,mnist-8,200
ridge,uniform,4,0.76,0.9725,1.0,1.0,mnist-8,200
ridge,uniform,4,0.876,0.9625,1.0,10.0,mnist-8,200
ridge,uniform,4,0.905,0.93,1.0,100.0,mnist-8,200
ridge,uniform,4,0.847,0.855,1.0,1000.0,mnist-8,200
ridge,uniform,4,0.74,0.72,1.0,10000.0,mnist-8,200
ridge,none,0,0.943,0.9825,1.0,0.0001,mnist-8,200
ridge,none,0,0.949,0.9825,1.0,0.001,mnist-8,200
ridge,none,0,0.952,0.9825,1.0,0.01,mnist-8,200
ridge,none,0,0.957,0.99,1.0,0.1,mnist-8,200
ridge,none,0,0.965,0.9875,1.0,1.0,mnist-8,200
ridge,none,0,0.951,0.975,1.0,10.0,mnist-8,200
ridge,none,0,0.918,0.9475,1.0,100.0,mnist-8,200
ridge,none,0,0.843,0.87,1.0,1000.0,mnist-8,200
ridge,none,0,0.744,0.7425,1.0,10000.0,mnist-8,200
ridge,none,1,0.95,0.9625,1.0,0.0001,mnist-8,200
ridge,none,1,0.951,0.965,1.0,0.001,mnist-8,200
ridge,none,1,0.956,0.9675,1.0,0.01,mnist-8,200
ridge,none,1,0.957,0.97,1.0,0.1,mnist-8,200
ridge,none,1,0.967,0.9675,1.0,1.0,mnist-8,200
ridge,none,1,0.955,0.9575,1.0,10.0,mnist-8,200
ridge,none,1,0.924,0.9325,1.0,100.0,mnist-8,200
ridge,none,1,0.844,0.8425,1.0,1000.0,mnist-8,200
ridge,none,1,0.762,0.74,1.0,10000.0,mnist-8,200
ridge,none,2,0.952,0.965,1.0,0.0001,mnist-8,200
ridge,none,2,0.961,0.965,1.0,0.001,mnist-8,200
ridge,none,2,0.961,0.9675,1.0,0.01,mnist-8,200
ridge,none,2,0.962,0.97,1.0,0.1,mnist-8,200
ridge,none,2,0.968,0.9725,1.0,1.0,mnist-8,200
ridge,none,2,0.954,0.9675,1.0,10.0,mnist-8,200
ridge,none,2,0.926,0.925,1.0,100.0,mnist-8,200
ridge,none,2,0.848,0.8525,1.0,1000.0,mnist-8,200
ridge,none,2,0.777,0.765,1.0,10000.0,mnist-8,200
ridge,none,3,0.945,0.96,1.0,0.0001,mnist-8,200
ridge,none,3,0.947,0.9575,1.0,0.001,mnist-8,200
ridge,none,3,0.947,0.9575,1.0,0.01,mnist-8,200
ridge,none,3,0.956,0.9575,1.0,0.1,mnist-8,200
ridge,none,3,0.96,0.965,1.0,1.0,mnist-8,200
ridge,none,3,0.952,0.9525,1.0,10.0,mnist-8,200
ridge,none,3,0.918,0.9225,1.0,100.0,mnist-8,200
ridge,none,3,0.849,0.8575,1.0,1000.0,mnist-8,200
ridge,none,3,0.8,0.785,1.0,10000.0,mnist-8,200
ridge,none,4,0.952,0.9825,1.0,0.0001,mnist-8,200
ridge,none,4,0.955,0.9825,1.0,0.001,mnist-8,200
ridge,none,4,0.954,0.98,1.0,0.01,mnist-8,200
ridge,none,4,0.956,0.9775,1.0,0.1,mnist-8,200
ridge,none,4,0.961,0.9725,1.0,1.0,mnist-8,200
ridge,none,4,0.953,0.9625,1.0,10.0,mnist-8,200
ridge,none,4,0.918,0.93,1.0,100.0,mnist-8,200
ridge,none,4,0.833,0.855,1.0,1000.0,mnist-8,200
ridge,none,4,0.72,0.72,1.0,10000.0,mnist-8,200
pcaegem,uniform,0,0.097,0.0975,1.0,0.001,mnist-8,200
pcaegem,uniform,0,0.461,0.5325,1.0,0.01,mnist-8,200
pcaegem,uniform,0,0.964,0.995,1.0,0.1,mnist-8,200
pcaegem,uniform,0,0.976,0.9975,1.0,0.2,mnist-8,200
pcaegem,uniform,0,0.97,0.9975,1.0,0.3,mnist-8,200
pcaegem,uniform,0,0.956,1.0,1.0,0.4,mnist-8,200
pcaegem,uniform,0,0.918,1.0,1.0,0.5,mnist-8,200
pcaegem,uniform,0,0.867,1.0,1.0,0.6,mnist-8,200
pcaegem,uniform,0,0.793,1.0,1.0,0.7,mnist-8,200
pcaegem,uniform,0,0.735,1.0,1.0,0.8,mnist-8,200
pcaegem,uniform,0,0.716,1.0,1.0,0.9,mnist-8,200
pcaegem,uniform,0,0.716,1.0,1.0,0.99,mnist-8,200
pcaegem,uniform,1,0.097,0.085,1.0,0.001,mnist-8,200
pcaegem,uniform,1,0.475,0.46,1.0,0.01,mnist-8,200
pcaegem,uniform,1,0.969,0.97,1.0,0.1,mnist-8,200
pcaegem,uniform,1,0.975,0.99,1.0,0.2,mnist-8,200
pcaegem,uniform,1,0.969,0.9975,1.0,0.3,mnist-8,200
pcaegem,uniform,1,0.957,1.0,1.0,0.4,mnist-8,200
pcaegem,uniform,1,0.916,1.0,1.0,0.5,mnist-8,200
pcaegem,uniform,1,0.863,1.0,1.0,0.6,mnist-8,200
pcaegem,uniform,1,0.76,1.0,1.0,0.7,mnist-8,200
pcaegem,uniform,1,0.72,1.0,1.0,0.8,mnist-8,200
pcaegem,uniform,1,0.709,1.0,1.0,0.9,mnist-8,200
pcaegem,uniform,1,0.709,1.0,1.0,0.99,mnist-8,200
pcaegem,uniform,2,0.097,0.0825,1.0,0.001,mnist-8,200
pcaegem,uniform,2,0.463,0.455,1.0,0.01,mnist-8,200
pcaegem,uniform,2,0.972,0.9875,1.0,0.1,mnist-8,200
pcaegem,uniform,2,0.98,0.995,1.0,0.2,mnist-8,200
pcaegem,uniform,2,0.98,0.9975,1.0,0.3,mnist-8,200
pcaegem,uniform,2,0.979,1.0,1.0,0.4,mnist-8,200
pcaegem,uniform,2,0.971,1.0,1.0,0.5,mnist-8,200
pcaegem,uniform,2,0.963,1.0,1.0,0.6,mnist-8,200
pcaegem,uniform,2,0.926,1.0,1.0,0.7,mnist-8,200
pcaegem,uniform,2,0.797,1.0,1.0,0.8,mnist-8,200
pcaegem,uniform,2,0.756,1.0,1.0,0.9,mnist-8,200
pcaegem,uniform,2,0.756,1.0,1.0,0.99,mnist-8,200
pcaegem,uniform,3,0.097,0.0875,1.0,0.001,mnist-8,200
pcaegem,uniform,3,0.48,0.465,1.0,0.01,mnist-8,200
pcaegem,uniform,3,0.971,0.9725,1.0,0.1,mnist-8,200
pcaegem,uniform,3,0.981,0.99,1.0,0.2,mnist-8,200
pcaegem,uniform,3,0.982,0.9975,1.0,0.3,mnist-8,200
pcaegem,uniform,3,0.982,1.0,1.0,0.4,mnist-8,200
pcaegem,uniform,3,0.975,1.0,1.0,0.5,mnist-8,200
pcaegem,uniform,3,0.966,1.0,1.0,0.6,mnist-8,200
pcaegem,uniform,3,0.94,1.0,1.0,0.7,mnist-8,200
pcaegem,uniform,3,0.828,1.0,1.0,0.8,mnist-8,200
pcaegem,uniform,3,0.723,1.0,1.0,0.9,mnist-8,200
pcaegem,uniform,3,0.723,1.0,1.0,0.99,mnist-8,200
pcaegem,uniform,4,0.097,0.095,1.0,0.001,mnist-8,200
pcaegem,uniform,4,0.461,0.4875,1.0,0.01,mnist-8,200
pcaegem,uniform,4,0.963,0.98,1.0,0.1,mnist-8,200
pcaegem,uniform,4,0.974,0.995,1.0,0.2,mnist-8,200
pcaegem,uniform,4,0.964,1.0,1.0,0.3,mnist-8,200
pcaegem,uniform,4,0.948,1.0,1.0,0.4,mnist-8,200
pcaegem,uniform,4,0.902,1.0,1.0,0.5,mnist-8,200
pcaegem,uniform,4,0.86,1.0,1.0,0.6,mnist-8,200
pcaegem,uniform,4,0.765,1.0,1.0,0.7,mnist-8,200
pcaegem,uniform,4,0.719,1.0,1.0,0.8,mnist-8,200
pcaegem,uniform,4,0.705,1.0,1.0,0.9,mnist-8,200
pcaegem,uniform,4,0.705,1.0,1.0,0.99,mnist-8,200
ridge,uniform,0,0.413,0.69,1.0,0.0001,mnist-8,50
ridge,uniform,0,0.516,0.75,1.0,0.001,mnist-8,50
ridge,uniform,0,0.639,0.88,1.0,0.01,mnist-8,50
ridge,uniform,0,0.761,0.95,1.0,0.1,mnist-8,50
ridge,uniform,0,0.814,0.97,1.0,1.0,mnist-8,50
ridge,uniform,0,0.858,0.96,1.0,10.0,mnist-8,50
ridge,uniform,0,0.895,0.91,1.0,100.0,mnist-8,50
ridge,uniform,0,0.864,0.86,1.0,1000.0,mnist-8,50
ridge,uniform,0,0.791,0.74,1.0,10000.0,mnist-8,50
ridge,uniform,1,0.443,0.63,1.0,0.0001,mnist-8,50
ridge,uniform,1,0.517,0.72,1.0,0.001,mnist-8,50
ridge,uniform,1,0.676,0.83,1.0,0.01,mnist-8,50
ridge,uniform,1,0.794,0.96,1.0,0.1,mnist-8,50
ridge,uniform,1,0.809,0.97,1.0,1.0,mnist-8,50
ridge,uniform,1,0.879,0.94,1.0,10.0,mnist-8,50
ridge,uniform,1,0.898,0.93,1.0,100.0,mnist-8,50
ridge,uniform,1,0.869,0.86,1.0,1000.0,mnist-8,50
ridge,uniform,1,0.749,0.74,1.0,10000.0,mnist-8,50
ridge,uniform,2,0.309,0.62,1.0,0.0001,mnist-8,50
ridge,uniform,2,0.456,0.72,1.0,0.001,mnist-8,50
ridge,uniform,2,0.503,0.89,1.0,0.01,mnist-8,50
ridge,uniform,2,0.479,0.97,1.0,0.1,mnist-8,50
ridge,uniform,2,0.629,0.97,1.0,1.0,mnist-8,50
ridge,uniform,2,0.818,0.98,1.0,10.0,mnist-8,50
ridge,uniform,2,0.896,0.92,1.0,100.0,mnist-8,50
ridge,uniform,2,0.823,0.75,1.0,1000.0,mnist-8,50
ridge,uniform,2,0.658,0.58,1.0,10000.0,mnist-8,50
ridge,uniform,3,0.336,0.66,1.0,0.0001,mnist-8,50
ridge,uniform,3,0.388,0.74,1.0,0.001,mnist-8,50
ridge,uniform,3,0.502,0.89,1.0,0.01,mnist-8,50
ridge,uniform,3,0.63,0.92,1.0,0.1,mnist-8,50
ridge,uniform,3,0.752,0.95,1.0,1.0,mnist-8,50
ridge,uniform,3,0.869,0.93,1.0,10.0,mnist-8,50
ridge,uniform,3,0.891,0.91,1.0,100.0,mnist-8,50
ridge,uniform,3,0.849,0.82,1.0,1000.0,mnist-8,50
ridge,uniform,3,0.77,0.75,1.0,10000.0,mnist-8,50
ridge,uniform,4,0.407,0.5,1.0,0.0001,mnist-8,50
ridge,uniform,4,0.476,0.64,1.0,0.001,mnist-8,50
ridge,uniform,4,0.52,0.84,1.0,0.01,mnist-8,50
ridge,uniform,4,0.612,0.94,1.0,0.1,mnist-8,50
ridge,uniform,4,0.774,0.96,1.0,1.0,mnist-8,50
ridge,uniform,4,0.882,0.95,1.0,10.0,mnist-8,50
ridge,uniform,4,0.902,0.91,1.0,100.0,mnist-8,50
ridge,uniform,4,0.867,0.84,1.0,1000.0,mnist-8,50
ridge,uniform,4,0.78,0.71,1.0,10000.0,mnist-8,50
none,none,0,0.989,1.0,,,mnist-8,50
none,none,1,0.989,1.0,,,mnist-8,50
none,none,2,0.989,1.0,,,mnist-8,50
none,none,3,0.989,1.0,,,mnist-8,50
none,none,4,0.989,1.0,,,mnist-8,50
egem,none,0,0.527,0.47,1.0,0.001,mnist-8,50
egem,none,0,0.854,0.78,1.0,0.01,mnist-8,50
egem,none,0,0.877,0.84,1.0,0.1,mnist-8,50
egem,none,0,0.955,0.98,1.0,0.2,mnist-8,50
egem,none,0,0.974,1.0,1.0,0.3,mnist-8,50
egem,none,0,0.973,1.0,1.0,0.4,mnist-8,50
egem,none,0,0.981,1.0,1.0,0.5,mnist-8,50
egem,none,0,0.985,1.0,1.0,0.6,mnist-8,50
egem,none,0,0.988,1.0,1.0,0.7,mnist-8,50
egem,none,0,0.989,1.0,1.0,0.8,mnist-8,50
egem,none,0,0.989,1.0,1.0,0.9,mnist-8,50
egem,none,0,0.989,1.0,1.0,0.99,mnist-8,50
egem,none,1,0.504,0.48,1.0,0.001,mnist-8,50
egem,none,1,0.836,0.82,1.0,0.01,mnist-8,50
egem,none,1,0.865,0.85,1.0,0.1,mnist-8,50
egem,none,1,0.944,0.95,1.0,0.2,mnist-8,50
egem,none,1,0.969,0.98,1.0,0.3,mnist-8,50
egem,none,1,0.969,0.98,1.0,0.4,mnist-8,50
egem,none,1,0.984,1.0,1.0,0.5,mnist-8,50
egem,none,1,0.984,1.0,1.0,0.6,mnist-8,50
egem,none,1,0.988,1.0,1.0,0.7,mnist-8,50
egem,none,1,0.989,1.0,1.0,0.8,mnist-8,50
egem,none,1,0.989,1.0,1.0,0.9,mnist-8,50
egem,none,1,0.989,1.0,1.0,0.99,mnist-8,50
egem,none,2,0.52,0.42,1.0,0.001,mnist-8,50
egem,none,2,0.847,0.81,1.0,0.01,mnist-8,50
egem,none,2,0.874,0.86,1.0,0.1,mnist-8,50
egem,none,2,0.952,0.93,1.0,0.2,mnist-8,50
egem,none,2,0.971,0.98,1.0,0.3,mnist-8,50
egem,none,2,0.971,0.98,1.0,0.4,mnist-8,50
egem,none,2,0.981,1.0,1.0,0.5,mnist-8,50
egem,none,2,0.987,1.0,1.0,0.6,mnist-8,50
egem,none,2,0.988,1.0,1.0,0.7,mnist-8,50
egem,none,2,0.989,1.0,1.0,0.8,mnist-8,50
egem,none,2,0.989,1.0,1.0,0.9,mnist-8,50
egem,none,2,0.989,1.0,1.0,0.99,mnist-8,50
egem,none,3,0.495,0.45,1.0,0.001,mnist-8,50
egem,none,3,0.831,0.81,1.0,0.01,mnist-8,50
egem,none,3,0.859,0.84,1.0,0.1,mnist-8,50
egem,none,3,0.94,0.95,1.0,0.2,mnist-8,50
egem,none,3,0.971,0.99,1.0,0.3,mnist-8,50
egem,none,3,0.973,0.99,1.0,0.4,mnist-8,50
egem,none,3,0.983,1.0,1.0,0.5,mnist-8,50
egem,none,3,0.986,1.0,1.0,0.6,mnist-8,50
egem,none,3,0.988,1.0,1.0,0.7,mnist-8,50
egem,none,3,0.989,1.0,1.0,0.8,mnist-8,50
egem,none,3,0.989,1.0,1.0,0.9,mnist-8,50
egem,none,3,0.989,1.0,1.0,0.99,mnist-8,50
egem,none,4,0.492,0.48,1.0,0.001,mnist-8,50
egem,none,4,0.844,0.87,1.0,0.01,mnist-8,50
egem,none,4,0.871,0.88,1.0,0.1,mnist-8,50
egem,none,4,0.95,0.94,1.0,0.2,mnist-8,50
egem,none,4,0.972,0.99,1.0,0.3,mnist-8,50
egem,none,4,0.973,0.99,1.0,0.4,mnist-8,50
egem,none,4,0.983,1.0,1.0,0.5,mnist-8,50
egem,none,4,0.984,1.0,1.0,0.6,mnist-8,50
egem,none,4,0.988,1.0,1.0,0.7,mnist-8,50
egem,none,4,0.989,1.0,1.0,0.8,mnist-8,50
egem,none,4,0.989,1.0,1.0,0.9,mnist-8,50
egem,none,4,0.989,1.0,1.0,0.99,mnist-8,50
pcaegem,uniform,0,0.097,0.09,1.0,0.001,mnist-8,50
pcaegem,uniform,0,0.49,0.49,1.0,0.01,mnist-8,50
pcaegem,uniform,0,0.951,0.97,1.0,0.1,mnist-8,50
pcaegem,uniform,0,0.98,1.0,1.0,0.2,mnist-8,50
pcaegem,uniform,0,0.983,1.0,1.0,0.3,mnist-8,50
pcaegem,uniform,0,0.984,1.0,1.0,0.4,mnist-8,50
pcaegem,uniform,0,0.984,1.0,1.0,0.5,mnist-8,50
pcaegem,uniform,0,0.985,1.0,1.0,0.6,mnist-8,50
pcaegem,uniform,0,0.985,1.0,1.0,0.7,mnist-8,50
pcaegem,uniform,0,0.986,1.0,1.0,0.8,mnist-8,50
pcaegem,uniform,0,0.987,1.0,1.0,0.9,mnist-8,50
pcaegem,uniform,0,0.986,1.0,1.0,0.99,mnist-8,50
pcaegem,uniform,1,0.097,0.09,1.0,0.001,mnist-8,50
pcaegem,uniform,1,0.428,0.41,1.0,0.01,mnist-8,50
pcaegem,uniform,1,0.946,0.94,1.0,0.1,mnist-8,50
pcaegem,uniform,1,0.978,1.0,1.0,0.2,mnist-8,50
pcaegem,uniform,1,0.98,1.0,1.0,0.3,mnist-8,50
pcaegem,uniform,1,0.981,1.0,1.0,0.4,mnist-8,50
pcaegem,uniform,1,0.984,1.0,1.0,0.5,mnist-8,50
pcaegem,uniform,1,0.985,1.0,1.0,0.6,mnist-8,50
pcaegem,uniform,1,0.984,1.0,1.0,0.7,mnist-8,50
pcaegem,uniform,1,0.986,1.0,1.0,0.8,mnist-8,50
pcaegem,uniform,1,0.985,1.0,1.0,0.9,mnist-8,50
pcaegem,uniform,1,0.982,1.0,1.0,0.99,mnist-8,50
pcaegem,uniform,2,0.097,0.08,1.0,0.001,mnist-8,50
pcaegem,uniform,2,0.474,0.53,1.0,0.01,mnist-8,50
pcaegem,uniform,2,0.948,0.97,1.0,0.1,mnist-8,50
pcaegem,uniform,2,0.981,0.98,1.0,0.2,mnist-8,50
pcaegem,uniform,2,0.982,0.98,1.0,0.3,mnist-8,50
pcaegem,uniform,2,0.984,0.99,1.0,0.4,mnist-8,50
pcaegem,uniform,2,0.987,0.99,1.0,0.5,mnist-8,50
pcaegem,uniform,2,0.988,1.0,1.0,0.6,mnist-8,50
pcaegem,uniform,2,0.988,1.0,1.0,0.7,mnist-8,50
pcaegem,uniform,2,0.989,1.0,1.0,0.8,mnist-8,50
pcaegem,uniform,2,0.989,1.0,1.0,0.9,mnist-8,50
pcaegem,uniform,2,0.989,1.0,1.0,0.99,mnist-8,50
pcaegem,uniform,3,0.097,0.09,1.0,0.001,mnist-8,50
pcaegem,uniform,3,0.484,0.44,1.0,0.01,mnist-8,50
pcaegem,uniform,3,0.946,0.98,1.0,0.1,mnist-8,50
pcaegem,uniform,3,0.979,1.0,1.0,0.2,mnist-8,50
pcaegem,uniform,3,0.982,1.0,1.0,0.3,mnist-8,50
pcaegem,uniform,3,0.983,1.0,1.0,0.4,mnist-8,50
pcaegem,uniform,3,0.984,1.0,1.0,0.5,mnist-8,50
pcaegem,uniform,3,0.984,1.0,1.0,0.6,mnist-8,50
pcaegem,uniform,3,0.985,1.0,1.0,0.7,mnist-8,50
pcaegem,uniform,3,0.987,1.0,1.0,0.8,mnist-8,50
pcaegem,uniform,3,0.987,1.0,1.0,0.9,mnist-8,50
pcaegem,uniform,3,0.989,1.0,1.0,0.99,mnist-8,50
pcaegem,uniform,4,0.097,0.09,1.0,0.001,mnist-8,50
pcaegem,uniform,4,0.471,0.47,1.0,0.01,mnist-8,50
pcaegem,uniform,4,0.95,0.98,1.0,0.1,mnist-8,50
pcaegem,uniform,4,0.978,0.99,1.0,0.2,mnist-8,50
pcaegem,uniform,4,0.981,0.99,1.0,0.3,mnist-8,50
pcaegem,uniform,4,0.982,1.0,1.0,0.4,mnist-8,50
pcaegem,uniform,4,0.985,1.0,1.0,0.5,mnist-8,50
pcaegem,uniform,4,0.985,1.0,1.0,0.6,mnist-8,50
pcaegem,uniform,4,0.982,1.0,1.0,0.7,mnist-8,50
pcaegem,uniform,4,0.982,1.0,1.0,0.8,mnist-8,50
pcaegem,uniform,4,0.983,1.0,1.0,0.9,mnist-8,50
pcaegem,uniform,4,0.978,1.0,1.0,0.99,mnist-8,50
ridge,none,0,0.614,0.69,1.0,0.0001,mnist-8,50
ridge,none,0,0.724,0.75,1.0,0.001,mnist-8,50
ridge,none,0,0.84,0.88,1.0,0.01,mnist-8,50
ridge,none,0,0.921,0.95,1.0,0.1,mnist-8,50
ridge,none,0,0.941,0.97,1.0,1.0,mnist-8,50
ridge,none,0,0.948,0.96,1.0,10.0,mnist-8,50
ridge,none,0,0.916,0.91,1.0,100.0,mnist-8,50
ridge,none,0,0.855,0.86,1.0,1000.0,mnist-8,50
ridge,none,0,0.773,0.74,1.0,10000.0,mnist-8,50
ridge,none,1,0.577,0.63,1.0,0.0001,mnist-8,50
ridge,none,1,0.691,0.72,1.0,0.001,mnist-8,50
ridge,none,1,0.807,0.83,1.0,0.01,mnist-8,50
ridge,none,1,0.909,0.96,1.0,0.1,mnist-8,50
ridge,none,1,0.941,0.97,1.0,1.0,mnist-8,50
ridge,none,1,0.939,0.94,1.0,10.0,mnist-8,50
ridge,none,1,0.915,0.93,1.0,100.0,mnist-8,50
ridge,none,1,0.848,0.86,1.0,1000.0,mnist-8,50
ridge,none,1,0.737,0.74,1.0,10000.0,mnist-8,50
ridge,none,2,0.608,0.62,1.0,0.0001,mnist-8,50
ridge,none,2,0.74,0.72,1.0,0.001,mnist-8,50
ridge,none,2,0.852,0.89,1.0,0.01,mnist-8,50
ridge,none,2,0.905,0.97,1.0,0.1,mnist-8,50
ridge,none,2,0.945,0.97,1.0,1.0,mnist-8,50
ridge,none,2,0.94,0.98,1.0,10.0,mnist-8,50
ridge,none,2,0.913,0.92,1.0,100.0,mnist-8,50
ridge,none,2,0.79,0.75,1.0,1000.0,mnist-8,50
ridge,none,2,0.655,0.58,1.0,10000.0,mnist-8,50
ridge,none,3,0.589,0.66,1.0,0.0001,mnist-8,50
ridge,none,3,0.718,0.74,1.0,0.001,mnist-8,50
ridge,none,3,0.869,0.89,1.0,0.01,mnist-8,50
ridge,none,3,0.935,0.92,1.0,0.1,mnist-8,50
ridge,none,3,0.954,0.95,1.0,1.0,mnist-8,50
ridge,none,3,0.944,0.93,1.0,10.0,mnist-8,50
ridge,none,3,0.907,0.91,1.0,100.0,mnist-8,50
ridge,none,3,0.83,0.82,1.0,1000.0,mnist-8,50
ridge,none,3,0.756,0.75,1.0,10000.0,mnist-8,50
ridge,none,4,0.541,0.5,1.0,0.0001,mnist-8,50
ridge,none,4,0.67,0.64,1.0,0.001,mnist-8,50
ridge,none,4,0.847,0.84,1.0,0.01,mnist-8,50
ridge,none,4,0.926,0.94,1.0,0.1,mnist-8,50
ridge,none,4,0.951,0.96,1.0,1.0,mnist-8,50
ridge,none,4,0.949,0.95,1.0,10.0,mnist-8,50
ridge,none,4,0.91,0.91,1.0,100.0,mnist-8,50
ridge,none,4,0.85,0.84,1.0,1000.0,mnist-8,50
ridge,none,4,0.768,0.71,1.0,10000.0,mnist-8,50
pcaegem,none,0,0.097,0.09,1.0,0.001,mnist-8,50
pcaegem,none,0,0.492,0.49,1.0,0.01,mnist-8,50
pcaegem,none,0,0.958,0.97,1.0,0.1,mnist-8,50
pcaegem,none,0,0.981,1.0,1.0,0.2,mnist-8,50
pcaegem,none,0,0.984,1.0,1.0,0.3,mnist-8,50
pcaegem,none,0,0.985,1.0,1.0,0.4,mnist-8,50
pcaegem,none,0,0.986,1.0,1.0,0.5,mnist-8,50
pcaegem,none,0,0.988,1.0,1.0,0.6,mnist-8,50
pcaegem,none,0,0.988,1.0,1.0,0.7,mnist-8,50
pcaegem,none,0,0.988,1.0,1.0,0.8,mnist-8,50
pcaegem,none,0,0.988,1.0,1.0,0.9,mnist-8,50
pcaegem,none,0,0.988,1.0,1.0,0.99,mnist-8,50
pcaegem,none,1,0.097,0.09,1.0,0.001,mnist-8,50
pcaegem,none,1,0.44,0.41,1.0,0.01,mnist-8,50
pcaegem,none,1,0.949,0.94,1.0,0.1,mnist-8,50
pcaegem,none,1,0.976,1.0,1.0,0.2,mnist-8,50
pcaegem,none,1,0.982,1.0,1.0,0.3,mnist-8,50
pcaegem,none,1,0.984,1.0,1.0,0.4,mnist-8,50
pcaegem,none,1,0.987,1.0,1.0,0.5,mnist-8,50
pcaegem,none,1,0.989,1.0,1.0,0.6,mnist-8,50
pcaegem,none,1,0.99,1.0,1.0,0.7,mnist-8,50
pcaegem,none,1,0.99,1.0,1.0,0.8,mnist-8,50
pcaegem,none,1,0.989,1.0,1.0,0.9,mnist-8,50
pcaegem,none,1,0.989,1.0,1.0,0.99,mnist-8,50
pcaegem,none,2,0.097,0.08,1.0,0.001,mnist-8,50
pcaegem,none,2,0.48,0.53,1.0,0.01,mnist-8,50
pcaegem,none,2,0.949,0.97,1.0,0.1,mnist-8,50
pcaegem,none,2,0.981,0.98,1.0,0.2,mnist-8,50
pcaegem,none,2,0.983,0.98,1.0,0.3,mnist-8,50
pcaegem,none,2,0.985,0.99,1.0,0.4,mnist-8,50
pcaegem,none,2,0.986,0.99,1.0,0.5,mnist-8,50
pcaegem,none,2,0.988,1.0,1.0,0.6,mnist-8,50
pcaegem,none,2,0.989,1.0,1.0,0.7,mnist-8,50
pcaegem,none,2,0.989,1.0,1.0,0.8,mnist-8,50
pcaegem,none,2,0.989,1.0,1.0,0.9,mnist-8,50
pcaegem,none,2,0.989,1.0,1.0,0.99,mnist-8,50
pcaegem,none,3,0.097,0.09,1.0,0.001,mnist-8,50
pcaegem,none,3,0.488,0.44,1.0,0.01,mnist-8,50
pcaegem,none,3,0.948,0.98,1.0,0.1,mnist-8,50
pcaegem,none,3,0.978,1.0,1.0,0.2,mnist-8,50
pcaegem,none,3,0.981,1.0,1.0,0.3,mnist-8,50
pcaegem,none,3,0.982,1.0,1.0,0.4,mnist-8,50
pcaegem,none,3,0.987,1.0,1.0,0.5,mnist-8,50
pcaegem,none,3,0.988,1.0,1.0,0.6,mnist-8,50
pcaegem,none,3,0.988,1.0,1.0,0.7,mnist-8,50
pcaegem,none,3,0.99,1.0,1.0,0.8,mnist-8,50
pcaegem,none,3,0.99,1.0,1.0,0.9,mnist-8,50
pcaegem,none,3,0.989,1.0,1.0,0.99,mnist-8,50
pcaegem,none,4,0.097,0.09,1.0,0.001,mnist-8,50
pcaegem,none,4,0.489,0.47,1.0,0.01,mnist-8,50
pcaegem,none,4,0.96,0.98,1.0,0.1,mnist-8,50
pcaegem,none,4,0.981,0.99,1.0,0.2,mnist-8,50
pcaegem,none,4,0.982,0.99,1.0,0.3,mnist-8,50
pcaegem,none,4,0.983,1.0,1.0,0.4,mnist-8,50
pcaegem,none,4,0.988,1.0,1.0,0.5,mnist-8,50
pcaegem,none,4,0.989,1.0,1.0,0.6,mnist-8,50
pcaegem,none,4,0.989,1.0,1.0,0.7,mnist-8,50
pcaegem,none,4,0.989,1.0,1.0,0.8,mnist-8,50
pcaegem,none,4,0.99,1.0,1.0,0.9,mnist-8,50
pcaegem,none,4,0.99,1.0,1.0,0.99,mnist-8,50
egem,uniform,0,0.531,0.47,1.0,0.001,mnist-8,50
egem,uniform,0,0.853,0.78,1.0,0.01,mnist-8,50
egem,uniform,0,0.871,0.84,1.0,0.1,mnist-8,50
egem,uniform,0,0.951,0.98,1.0,0.2,mnist-8,50
egem,uniform,0,0.971,1.0,1.0,0.3,mnist-8,50
egem,uniform,0,0.969,1.0,1.0,0.4,mnist-8,50
egem,uniform,0,0.977,1.0,1.0,0.5,mnist-8,50
egem,uniform,0,0.977,1.0,1.0,0.6,mnist-8,50
egem,uniform,0,0.958,1.0,1.0,0.7,mnist-8,50
egem,uniform,0,0.79,1.0,1.0,0.8,mnist-8,50
egem,uniform,0,0.691,1.0,1.0,0.9,mnist-8,50
egem,uniform,0,0.691,1.0,1.0,0.99,mnist-8,50
egem,uniform,1,0.506,0.48,1.0,0.001,mnist-8,50
egem,uniform,1,0.836,0.82,1.0,0.01,mnist-8,50
egem,uniform,1,0.861,0.85,1.0,0.1,mnist-8,50
egem,uniform,1,0.935,0.95,1.0,0.2,mnist-8,50
egem,uniform,1,0.957,0.98,1.0,0.3,mnist-8,50
egem,uniform,1,0.948,0.98,1.0,0.4,mnist-8,50
egem,uniform,1,0.955,1.0,1.0,0.5,mnist-8,50
egem,uniform,1,0.953,1.0,1.0,0.6,mnist-8,50
egem,uniform,1,0.861,1.0,1.0,0.7,mnist-8,50
egem,uniform,1,0.761,1.0,1.0,0.8,mnist-8,50
egem,uniform,1,0.691,1.0,1.0,0.9,mnist-8,50
egem,uniform,1,0.691,1.0,1.0,0.99,mnist-8,50
egem,uniform,2,0.523,0.42,1.0,0.001,mnist-8,50
egem,uniform,2,0.849,0.81,1.0,0.01,mnist-8,50
egem,uniform,2,0.87,0.86,1.0,0.1,mnist-8,50
egem,uniform,2,0.946,0.93,1.0,0.2,mnist-8,50
egem,uniform,2,0.968,0.98,1.0,0.3,mnist-8,50
egem,uniform,2,0.969,0.98,1.0,0.4,mnist-8,50
egem,uniform,2,0.977,1.0,1.0,0.5,mnist-8,50
egem,uniform,2,0.976,1.0,1.0,0.6,mnist-8,50
egem,uniform,2,0.95,1.0,1.0,0.7,mnist-8,50
egem,uniform,2,0.773,1.0,1.0,0.8,mnist-8,50
egem,uniform,2,0.691,1.0,1.0,0.9,mnist-8,50
egem,uniform,2,0.691,1.0,1.0,0.99,mnist-8,50
egem,uniform,3,0.499,0.45,1.0,0.001,mnist-8,50
egem,uniform,3,0.835,0.81,1.0,0.01,mnist-8,50
egem,uniform,3,0.855,0.84,1.0,0.1,mnist-8,50
egem,uniform,3,0.935,0.95,1.0,0.2,mnist-8,50
egem,uniform,3,0.968,0.99,1.0,0.3,mnist-8,50
egem,uniform,3,0.964,0.99,1.0,0.4,mnist-8,50
egem,uniform,3,0.969,1.0,1.0,0.5,mnist-8,50
egem,uniform,3,0.969,1.0,1.0,0.6,mnist-8,50
egem,uniform,3,0.947,1.0,1.0,0.7,mnist-8,50
egem,uniform,3,0.785,1.0,1.0,0.8,mnist-8,50
egem,uniform,3,0.691,1.0,1.0,0.9,mnist-8,50
egem,uniform,3,0.691,1.0,1.0,0.99,mnist-8,50
egem,uniform,4,0.497,0.48,1.0,0.001,mnist-8,50
egem,uniform,4,0.842,0.87,1.0,0.01,mnist-8,50
egem,uniform,4,0.869,0.88,1.0,0.1,mnist-8,50
egem,uniform,4,0.942,0.94,1.0,0.2,mnist-8,50
egem,uniform,4,0.967,0.99,1.0,0.3,mnist-8,50
egem,uniform,4,0.961,0.99,1.0,0.4,mnist-8,50
egem,uniform,4,0.97,1.0,1.0,0.5,mnist-8,50
egem,uniform,4,0.967,1.0,1.0,0.6,mnist-8,50
egem,uniform,4,0.942,1.0,1.0,0.7,mnist-8,50
egem,uniform,4,0.774,1.0,1.0,0.8,mnist-8,50
egem,uniform,4,0.691,1.0,1.0,0.9,mnist-8,50
egem,uniform,4,0.691,1.0,1.0,0.99,mnist-8,50
none,uniform,0,0.691,1.0,,,mnist-8,50
none,uniform,1,0.691,1.0,,,mnist-8,50
none,uniform,2,0.691,1.0,,,mnist-8,50
none,uniform,3,0.691,1.0,,,mnist-8,50
none,uniform,4,0.691,1.0,,,mnist-8,50
egem,uniform,0,0.553,0.3,1.0,0.001,mnist-8,5
egem,uniform,0,0.848,0.8,1.0,0.01,mnist-8,5
egem,uniform,0,0.865,0.8,1.0,0.1,mnist-8,5
egem,uniform,0,0.937,1.0,1.0,0.2,mnist-8,5
egem,uniform,0,0.97,1.0,1.0,0.3,mnist-8,5
egem,uniform,0,0.971,1.0,1.0,0.4,mnist-8,5
egem,uniform,0,0.971,1.0,1.0,0.5,mnist-8,5
egem,uniform,0,0.966,1.0,1.0,0.6,mnist-8,5
egem,uniform,0,0.879,1.0,1.0,0.7,mnist-8,5
egem,uniform,0,0.724,1.0,1.0,0.8,mnist-8,5
egem,uniform,0,0.695,1.0,1.0,0.9,mnist-8,5
egem,uniform,0,0.695,1.0,1.0,0.99,mnist-8,5
egem,uniform,1,0.475,0.5,1.0,0.001,mnist-8,5
egem,uniform,1,0.859,0.7,1.0,0.01,mnist-8,5
egem,uniform,1,0.868,0.8,1.0,0.1,mnist-8,5
egem,uniform,1,0.938,0.9,1.0,0.2,mnist-8,5
egem,uniform,1,0.964,1.0,1.0,0.3,mnist-8,5
egem,uniform,1,0.968,1.0,1.0,0.4,mnist-8,5
egem,uniform,1,0.978,1.0,1.0,0.5,mnist-8,5
egem,uniform,1,0.977,1.0,1.0,0.6,mnist-8,5
egem,uniform,1,0.932,1.0,1.0,0.7,mnist-8,5
egem,uniform,1,0.719,1.0,1.0,0.8,mnist-8,5
egem,uniform,1,0.702,1.0,1.0,0.9,mnist-8,5
egem,uniform,1,0.702,1.0,1.0,0.99,mnist-8,5
egem,uniform,2,0.524,0.9,1.0,0.001,mnist-8,5
egem,uniform,2,0.821,0.7,1.0,0.01,mnist-8,5
egem,uniform,2,0.853,0.7,1.0,0.1,mnist-8,5
egem,uniform,2,0.93,0.8,1.0,0.2,mnist-8,5
egem,uniform,2,0.957,0.8,1.0,0.3,mnist-8,5
egem,uniform,2,0.976,1.0,1.0,0.4,mnist-8,5
egem,uniform,2,0.973,1.0,1.0,0.5,mnist-8,5
egem,uniform,2,0.971,1.0,1.0,0.6,mnist-8,5
egem,uniform,2,0.912,1.0,1.0,0.7,mnist-8,5
egem,uniform,2,0.735,1.0,1.0,0.8,mnist-8,5
egem,uniform,2,0.702,1.0,1.0,0.9,mnist-8,5
egem,uniform,2,0.702,1.0,1.0,0.99,mnist-8,5
egem,uniform,3,0.497,0.4,1.0,0.001,mnist-8,5
egem,uniform,3,0.827,0.7,1.0,0.01,mnist-8,5
egem,uniform,3,0.852,0.7,1.0,0.1,mnist-8,5
egem,uniform,3,0.926,0.8,1.0,0.2,mnist-8,5
egem,uniform,3,0.965,0.8,1.0,0.3,mnist-8,5
egem,uniform,3,0.967,0.8,1.0,0.4,mnist-8,5
egem,uniform,3,0.979,0.9,1.0,0.5,mnist-8,5
egem,uniform,3,0.984,1.0,1.0,0.6,mnist-8,5
egem,uniform,3,0.957,1.0,1.0,0.7,mnist-8,5
egem,uniform,3,0.754,1.0,1.0,0.8,mnist-8,5
egem,uniform,3,0.702,1.0,1.0,0.9,mnist-8,5
egem,uniform,3,0.702,1.0,1.0,0.99,mnist-8,5
egem,uniform,4,0.484,0.5,1.0,0.001,mnist-8,5
egem,uniform,4,0.805,0.6,1.0,0.01,mnist-8,5
egem,uniform,4,0.844,0.7,1.0,0.1,mnist-8,5
egem,uniform,4,0.928,0.7,1.0,0.2,mnist-8,5
egem,uniform,4,0.963,0.9,1.0,0.3,mnist-8,5
egem,uniform,4,0.965,0.9,1.0,0.4,mnist-8,5
egem,uniform,4,0.977,1.0,1.0,0.5,mnist-8,5
egem,uniform,4,0.983,1.0,1.0,0.6,mnist-8,5
egem,uniform,4,0.977,1.0,1.0,0.7,mnist-8,5
egem,uniform,4,0.806,1.0,1.0,0.8,mnist-8,5
egem,uniform,4,0.769,1.0,1.0,0.9,mnist-8,5
egem,uniform,4,0.769,1.0,1.0,0.99,mnist-8,5
ridge,uniform,0,0.756,0.7,1.0,0.0001,mnist-8,5
ridge,uniform,0,0.756,0.7,1.0,0.001,mnist-8,5
ridge,uniform,0,0.756,0.7,1.0,0.01,mnist-8,5
ridge,uniform,0,0.756,0.7,1.0,0.1,mnist-8,5
ridge,uniform,0,0.765,0.7,1.0,1.0,mnist-8,5
ridge,uniform,0,0.776,0.7,1.0,10.0,mnist-8,5
ridge,uniform,0,0.743,0.6,1.0,100.0,mnist-8,5
ridge,uniform,0,0.675,0.6,1.0,1000.0,mnist-8,5
ridge,uniform,0,0.538,0.5,1.0,10000.0,mnist-8,5
ridge,uniform,1,0.709,0.7,1.0,0.0001,mnist-8,5
ridge,uniform,1,0.709,0.7,1.0,0.001,mnist-8,5
ridge,uniform,1,0.709,0.7,1.0,0.01,mnist-8,5
ridge,uniform,1,0.71,0.7,1.0,0.1,mnist-8,5
ridge,uniform,1,0.714,0.7,1.0,1.0,mnist-8,5
ridge,uniform,1,0.74,0.7,1.0,10.0,mnist-8,5
ridge,uniform,1,0.742,0.7,1.0,100.0,mnist-8,5
ridge,uniform,1,0.665,0.5,1.0,1000.0,mnist-8,5
ridge,uniform,1,0.485,0.3,1.0,10000.0,mnist-8,5
ridge,uniform,2,0.66,0.9,1.0,0.0001,mnist-8,5
ridge,uniform,2,0.66,0.9,1.0,0.001,mnist-8,5
ridge,uniform,2,0.66,0.9,1.0,0.01,mnist-8,5
ridge,uniform,2,0.66,0.9,1.0,0.1,mnist-8,5
ridge,uniform,2,0.659,0.9,1.0,1.0,mnist-8,5
ridge,uniform,2,0.685,0.9,1.0,10.0,mnist-8,5
ridge,uniform,2,0.732,0.8,1.0,100.0,mnist-8,5
ridge,uniform,2,0.665,0.7,1.0,1000.0,mnist-8,5
ridge,uniform,2,0.538,0.5,1.0,10000.0,mnist-8,5
ridge,uniform,3,0.75,0.9,1.0,0.0001,mnist-8,5
ridge,uniform,3,0.75,0.9,1.0,0.001,mnist-8,5
ridge,uniform,3,0.75,0.9,1.0,0.01,mnist-8,5
ridge,uniform,3,0.751,0.9,1.0,0.1,mnist-8,5
ridge,uniform,3,0.754,0.9,1.0,1.0,mnist-8,5
ridge,uniform,3,0.771,0.9,1.0,10.0,mnist-8,5
ridge,uniform,3,0.773,0.8,1.0,100.0,mnist-8,5
ridge,uniform,3,0.688,0.6,1.0,1000.0,mnist-8,5
ridge,uniform,3,0.458,0.2,1.0,10000.0,mnist-8,5
ridge,uniform,4,0.754,0.6,1.0,0.0001,mnist-8,5
ridge,uniform,4,0.754,0.6,1.0,0.001,mnist-8,5
ridge,uniform,4,0.754,0.6,1.0,0.01,mnist-8,5
ridge,uniform,4,0.754,0.6,1.0,0.1,mnist-8,5
ridge,uniform,4,0.754,0.6,1.0,1.0,mnist-8,5
ridge,uniform,4,0.762,0.7,1.0,10.0,mnist-8,5
ridge,uniform,4,0.766,0.7,1.0,100.0,mnist-8,5
ridge,uniform,4,0.734,0.5,1.0,1000.0,mnist-8,5
ridge,uniform,4,0.545,0.4,1.0,10000.0,mnist-8,5
none,none,0,0.989,1.0,,,mnist-8,5
none,none,1,0.989,1.0,,,mnist-8,5
none,none,2,0.989,1.0,,,mnist-8,5
none,none,3,0.989,1.0,,,mnist-8,5
none,none,4,0.989,1.0,,,mnist-8,5
pcaegem,none,0,0.136,0.1,1.0,0.001,mnist-8,5
pcaegem,none,0,0.138,0.1,1.0,0.01,mnist-8,5
pcaegem,none,0,0.414,0.6,1.0,0.1,mnist-8,5
pcaegem,none,0,0.545,0.7,1.0,0.2,mnist-8,5
pcaegem,none,0,0.688,0.7,1.0,0.3,mnist-8,5
pcaegem,none,0,0.715,0.7,1.0,0.4,mnist-8,5
pcaegem,none,0,0.726,0.7,1.0,0.5,mnist-8,5
pcaegem,none,0,0.753,0.7,1.0,0.6,mnist-8,5
pcaegem,none,0,0.781,0.7,1.0,0.7,mnist-8,5
pcaegem,none,0,0.795,0.7,1.0,0.8,mnist-8,5
pcaegem,none,0,0.808,0.8,1.0,0.9,mnist-8,5
pcaegem,none,0,0.816,0.9,1.0,0.99,mnist-8,5
pcaegem,none,1,0.097,0.3,1.0,0.001,mnist-8,5
pcaegem,none,1,0.097,0.3,1.0,0.01,mnist-8,5
pcaegem,none,1,0.392,0.3,1.0,0.1,mnist-8,5
pcaegem,none,1,0.535,0.6,1.0,0.2,mnist-8,5
pcaegem,none,1,0.707,0.7,1.0,0.3,mnist-8,5
pcaegem,none,1,0.734,0.7,1.0,0.4,mnist-8,5
pcaegem,none,1,0.746,0.7,1.0,0.5,mnist-8,5
pcaegem,none,1,0.767,0.7,1.0,0.6,mnist-8,5
pcaegem,none,1,0.8,0.8,1.0,0.7,mnist-8,5
pcaegem,none,1,0.821,0.8,1.0,0.8,mnist-8,5
pcaegem,none,1,0.846,0.8,1.0,0.9,mnist-8,5
pcaegem,none,1,0.856,0.6,1.0,0.99,mnist-8,5
pcaegem,none,2,0.097,0.1,1.0,0.001,mnist-8,5
pcaegem,none,2,0.097,0.1,1.0,0.01,mnist-8,5
pcaegem,none,2,0.358,0.3,1.0,0.1,mnist-8,5
pcaegem,none,2,0.534,0.4,1.0,0.2,mnist-8,5
pcaegem,none,2,0.753,0.5,1.0,0.3,mnist-8,5
pcaegem,none,2,0.795,0.6,1.0,0.4,mnist-8,5
pcaegem,none,2,0.807,0.6,1.0,0.5,mnist-8,5
pcaegem,none,2,0.817,0.6,1.0,0.6,mnist-8,5
pcaegem,none,2,0.845,0.8,1.0,0.7,mnist-8,5
pcaegem,none,2,0.861,0.8,1.0,0.8,mnist-8,5
pcaegem,none,2,0.869,0.9,1.0,0.9,mnist-8,5
pcaegem,none,2,0.869,0.9,1.0,0.99,mnist-8,5
pcaegem,none,3,0.097,0.1,1.0,0.001,mnist-8,5
pcaegem,none,3,0.097,0.1,1.0,0.01,mnist-8,5
pcaegem,none,3,0.486,0.2,1.0,0.1,mnist-8,5
pcaegem,none,3,0.577,0.2,1.0,0.2,mnist-8,5
pcaegem,none,3,0.73,0.4,1.0,0.3,mnist-8,5
pcaegem,none,3,0.764,0.4,1.0,0.4,mnist-8,5
pcaegem,none,3,0.782,0.5,1.0,0.5,mnist-8,5
pcaegem,none,3,0.788,0.6,1.0,0.6,mnist-8,5
pcaegem,none,3,0.8,0.6,1.0,0.7,mnist-8,5
pcaegem,none,3,0.806,0.7,1.0,0.8,mnist-8,5
pcaegem,none,3,0.825,0.7,1.0,0.9,mnist-8,5
pcaegem,none,3,0.828,0.6,1.0,0.99,mnist-8,5
pcaegem,none,4,0.097,0.2,1.0,0.001,mnist-8,5
pcaegem,none,4,0.097,0.2,1.0,0.01,mnist-8,5
pcaegem,none,4,0.348,0.3,1.0,0.1,mnist-8,5
pcaegem,none,4,0.55,0.6,1.0,0.2,mnist-8,5
pcaegem,none,4,0.774,0.9,1.0,0.3,mnist-8,5
pcaegem,none,4,0.774,0.9,1.0,0.4,mnist-8,5
pcaegem,none,4,0.803,0.9,1.0,0.5,mnist-8,5
pcaegem,none,4,0.805,0.9,1.0,0.6,mnist-8,5
pcaegem,none,4,0.819,0.9,1.0,0.7,mnist-8,5
pcaegem,none,4,0.824,0.9,1.0,0.8,mnist-8,5
pcaegem,none,4,0.829,0.9,1.0,0.9,mnist-8,5
pcaegem,none,4,0.835,0.9,1.0,0.99,mnist-8,5
ridge,none,0,0.755,0.7,1.0,0.0001,mnist-8,5
ridge,none,0,0.755,0.7,1.0,0.001,mnist-8,5
ridge,none,0,0.755,0.7,1.0,0.01,mnist-8,5
ridge,none,0,0.755,0.7,1.0,0.1,mnist-8,5
ridge,none,0,0.761,0.7,1.0,1.0,mnist-8,5
ridge,none,0,0.78,0.7,1.0,10.0,mnist-8,5
ridge,none,0,0.749,0.6,1.0,100.0,mnist-8,5
ridge,none,0,0.674,0.6,1.0,1000.0,mnist-8,5
ridge,none,0,0.542,0.5,1.0,10000.0,mnist-8,5
ridge,none,1,0.791,0.7,1.0,0.0001,mnist-8,5
ridge,none,1,0.791,0.7,1.0,0.001,mnist-8,5
ridge,none,1,0.791,0.7,1.0,0.01,mnist-8,5
ridge,none,1,0.791,0.7,1.0,0.1,mnist-8,5
ridge,none,1,0.794,0.7,1.0,1.0,mnist-8,5
ridge,none,1,0.803,0.7,1.0,10.0,mnist-8,5
ridge,none,1,0.795,0.7,1.0,100.0,mnist-8,5
ridge,none,1,0.694,0.5,1.0,1000.0,mnist-8,5
ridge,none,1,0.493,0.3,1.0,10000.0,mnist-8,5
ridge,none,2,0.748,0.9,1.0,0.0001,mnist-8,5
ridge,none,2,0.748,0.9,1.0,0.001,mnist-8,5
ridge,none,2,0.748,0.9,1.0,0.01,mnist-8,5
ridge,none,2,0.747,0.9,1.0,0.1,mnist-8,5
ridge,none,2,0.748,0.9,1.0,1.0,mnist-8,5
ridge,none,2,0.76,0.9,1.0,10.0,mnist-8,5
ridge,none,2,0.732,0.8,1.0,100.0,mnist-8,5
ridge,none,2,0.65,0.7,1.0,1000.0,mnist-8,5
ridge,none,2,0.543,0.5,1.0,10000.0,mnist-8,5
ridge,none,3,0.797,0.9,1.0,0.0001,mnist-8,5
ridge,none,3,0.797,0.9,1.0,0.001,mnist-8,5
ridge,none,3,0.797,0.9,1.0,0.01,mnist-8,5
ridge,none,3,0.798,0.9,1.0,0.1,mnist-8,5
ridge,none,3,0.799,0.9,1.0,1.0,mnist-8,5
ridge,none,3,0.815,0.9,1.0,10.0,mnist-8,5
ridge,none,3,0.811,0.8,1.0,100.0,mnist-8,5
ridge,none,3,0.704,0.6,1.0,1000.0,mnist-8,5
ridge,none,3,0.461,0.2,1.0,10000.0,mnist-8,5
ridge,none,4,0.761,0.6,1.0,0.0001,mnist-8,5
ridge,none,4,0.761,0.6,1.0,0.001,mnist-8,5
ridge,none,4,0.761,0.6,1.0,0.01,mnist-8,5
ridge,none,4,0.76,0.6,1.0,0.1,mnist-8,5
ridge,none,4,0.761,0.6,1.0,1.0,mnist-8,5
ridge,none,4,0.756,0.7,1.0,10.0,mnist-8,5
ridge,none,4,0.748,0.7,1.0,100.0,mnist-8,5
ridge,none,4,0.708,0.5,1.0,1000.0,mnist-8,5
ridge,none,4,0.512,0.4,1.0,10000.0,mnist-8,5
none,uniform,0,0.691,1.0,,,mnist-8,5
none,uniform,1,0.691,1.0,,,mnist-8,5
none,uniform,2,0.691,1.0,,,mnist-8,5
none,uniform,3,0.691,1.0,,,mnist-8,5
none,uniform,4,0.691,1.0,,,mnist-8,5
egem,none,0,0.544,0.3,1.0,0.001,mnist-8,5
egem,none,0,0.847,0.8,1.0,0.01,mnist-8,5
egem,none,0,0.863,0.8,1.0,0.1,mnist-8,5
egem,none,0,0.931,1.0,1.0,0.2,mnist-8,5
egem,none,0,0.968,1.0,1.0,0.3,mnist-8,5
egem,none,0,0.968,1.0,1.0,0.4,mnist-8,5
egem,none,0,0.978,1.0,1.0,0.5,mnist-8,5
egem,none,0,0.982,1.0,1.0,0.6,mnist-8,5
egem,none,0,0.988,1.0,1.0,0.7,mnist-8,5
egem,none,0,0.989,1.0,1.0,0.8,mnist-8,5
egem,none,0,0.989,1.0,1.0,0.9,mnist-8,5
egem,none,0,0.989,1.0,1.0,0.99,mnist-8,5
egem,none,1,0.471,0.5,1.0,0.001,mnist-8,5
egem,none,1,0.86,0.7,1.0,0.01,mnist-8,5
egem,none,1,0.872,0.8,1.0,0.1,mnist-8,5
egem,none,1,0.938,0.9,1.0,0.2,mnist-8,5
egem,none,1,0.966,1.0,1.0,0.3,mnist-8,5
egem,none,1,0.967,1.0,1.0,0.4,mnist-8,5
egem,none,1,0.978,1.0,1.0,0.5,mnist-8,5
egem,none,1,0.984,1.0,1.0,0.6,mnist-8,5
egem,none,1,0.988,1.0,1.0,0.7,mnist-8,5
egem,none,1,0.989,1.0,1.0,0.8,mnist-8,5
egem,none,1,0.989,1.0,1.0,0.9,mnist-8,5
egem,none,1,0.989,1.0,1.0,0.99,mnist-8,5
egem,none,2,0.52,0.9,1.0,0.001,mnist-8,5
egem,none,2,0.823,0.7,1.0,0.01,mnist-8,5
egem,none,2,0.852,0.7,1.0,0.1,mnist-8,5
egem,none,2,0.928,0.8,1.0,0.2,mnist-8,5
egem,none,2,0.961,0.8,1.0,0.3,mnist-8,5
egem,none,2,0.974,1.0,1.0,0.4,mnist-8,5
egem,none,2,0.976,1.0,1.0,0.5,mnist-8,5
egem,none,2,0.983,1.0,1.0,0.6,mnist-8,5
egem,none,2,0.988,1.0,1.0,0.7,mnist-8,5
egem,none,2,0.989,1.0,1.0,0.8,mnist-8,5
egem,none,2,0.989,1.0,1.0,0.9,mnist-8,5
egem,none,2,0.989,1.0,1.0,0.99,mnist-8,5
egem,none,3,0.494,0.4,1.0,0.001,mnist-8,5
egem,none,3,0.83,0.7,1.0,0.01,mnist-8,5
egem,none,3,0.853,0.7,1.0,0.1,mnist-8,5
egem,none,3,0.926,0.8,1.0,0.2,mnist-8,5
egem,none,3,0.967,0.8,1.0,0.3,mnist-8,5
egem,none,3,0.968,0.8,1.0,0.4,mnist-8,5
egem,none,3,0.978,0.9,1.0,0.5,mnist-8,5
egem,none,3,0.983,1.0,1.0,0.6,mnist-8,5
egem,none,3,0.988,1.0,1.0,0.7,mnist-8,5
egem,none,3,0.989,1.0,1.0,0.8,mnist-8,5
egem,none,3,0.989,1.0,1.0,0.9,mnist-8,5
egem,none,3,0.989,1.0,1.0,0.99,mnist-8,5
egem,none,4,0.486,0.5,1.0,0.001,mnist-8,5
egem,none,4,0.807,0.6,1.0,0.01,mnist-8,5
egem,none,4,0.845,0.7,1.0,0.1,mnist-8,5
egem,none,4,0.931,0.7,1.0,0.2,mnist-8,5
egem,none,4,0.965,0.9,1.0,0.3,mnist-8,5
egem,none,4,0.966,0.9,1.0,0.4,mnist-8,5
egem,none,4,0.979,1.0,1.0,0.5,mnist-8,5
egem,none,4,0.984,1.0,1.0,0.6,mnist-8,5
egem,none,4,0.988,1.0,1.0,0.7,mnist-8,5
egem,none,4,0.989,1.0,1.0,0.8,mnist-8,5
egem,none,4,0.989,1.0,1.0,0.9,mnist-8,5
egem,none,4,0.989,1.0,1.0,0.99,mnist-8,5
pcaegem,uniform,0,0.136,0.1,1.0,0.001,mnist-8,5
pcaegem,uniform,0,0.138,0.1,1.0,0.01,mnist-8,5
pcaegem,uniform,0,0.408,0.6,1.0,0.1,mnist-8,5
pcaegem,uniform,0,0.539,0.7,1.0,0.2,mnist-8,5
pcaegem,uniform,0,0.691,0.7,1.0,0.3,mnist-8,5
pcaegem,uniform,0,0.712,0.7,1.0,0.4,mnist-8,5
pcaegem,uniform,0,0.726,0.7,1.0,0.5,mnist-8,5
pcaegem,uniform,0,0.753,0.7,1.0,0.6,mnist-8,5
pcaegem,uniform,0,0.778,0.7,1.0,0.7,mnist-8,5
pcaegem,uniform,0,0.794,0.7,1.0,0.8,mnist-8,5
pcaegem,uniform,0,0.807,0.8,1.0,0.9,mnist-8,5
pcaegem,uniform,0,0.814,0.9,1.0,0.99,mnist-8,5
pcaegem,uniform,1,0.097,0.3,1.0,0.001,mnist-8,5
pcaegem,uniform,1,0.097,0.3,1.0,0.01,mnist-8,5
pcaegem,uniform,1,0.39,0.3,1.0,0.1,mnist-8,5
pcaegem,uniform,1,0.533,0.6,1.0,0.2,mnist-8,5
pcaegem,uniform,1,0.702,0.7,1.0,0.3,mnist-8,5
pcaegem,uniform,1,0.735,0.7,1.0,0.4,mnist-8,5
pcaegem,uniform,1,0.746,0.7,1.0,0.5,mnist-8,5
pcaegem,uniform,1,0.763,0.7,1.0,0.6,mnist-8,5
pcaegem,uniform,1,0.803,0.8,1.0,0.7,mnist-8,5
pcaegem,uniform,1,0.819,0.8,1.0,0.8,mnist-8,5
pcaegem,uniform,1,0.844,0.8,1.0,0.9,mnist-8,5
pcaegem,uniform,1,0.852,0.6,1.0,0.99,mnist-8,5
pcaegem,uniform,2,0.097,0.1,1.0,0.001,mnist-8,5
pcaegem,uniform,2,0.097,0.1,1.0,0.01,mnist-8,5
pcaegem,uniform,2,0.359,0.3,1.0,0.1,mnist-8,5
pcaegem,uniform,2,0.531,0.4,1.0,0.2,mnist-8,5
pcaegem,uniform,2,0.751,0.5,1.0,0.3,mnist-8,5
pcaegem,uniform,2,0.792,0.6,1.0,0.4,mnist-8,5
pcaegem,uniform,2,0.807,0.6,1.0,0.5,mnist-8,5
pcaegem,uniform,2,0.818,0.6,1.0,0.6,mnist-8,5
pcaegem,uniform,2,0.846,0.8,1.0,0.7,mnist-8,5
pcaegem,uniform,2,0.861,0.8,1.0,0.8,mnist-8,5
pcaegem,uniform,2,0.866,0.9,1.0,0.9,mnist-8,5
pcaegem,uniform,2,0.87,0.9,1.0,0.99,mnist-8,5
pcaegem,uniform,3,0.097,0.1,1.0,0.001,mnist-8,5
pcaegem,uniform,3,0.097,0.1,1.0,0.01,mnist-8,5
pcaegem,uniform,3,0.484,0.2,1.0,0.1,mnist-8,5
pcaegem,uniform,3,0.576,0.2,1.0,0.2,mnist-8,5
pcaegem,uniform,3,0.727,0.4,1.0,0.3,mnist-8,5
pcaegem,uniform,3,0.762,0.4,1.0,0.4,mnist-8,5
pcaegem,uniform,3,0.782,0.5,1.0,0.5,mnist-8,5
pcaegem,uniform,3,0.788,0.6,1.0,0.6,mnist-8,5
pcaegem,uniform,3,0.797,0.6,1.0,0.7,mnist-8,5
pcaegem,uniform,3,0.804,0.7,1.0,0.8,mnist-8,5
pcaegem,uniform,3,0.819,0.7,1.0,0.9,mnist-8,5
pcaegem,uniform,3,0.826,0.6,1.0,0.99,mnist-8,5
pcaegem,uniform,4,0.097,0.2,1.0,0.001,mnist-8,5
pcaegem,uniform,4,0.097,0.2,1.0,0.01,mnist-8,5
pcaegem,uniform,4,0.344,0.3,1.0,0.1,mnist-8,5
pcaegem,uniform,4,0.548,0.6,1.0,0.2,mnist-8,5
pcaegem,uniform,4,0.774,0.9,1.0,0.3,mnist-8,5
pcaegem,uniform,4,0.774,0.9,1.0,0.4,mnist-8,5
pcaegem,uniform,4,0.793,0.9,1.0,0.5,mnist-8,5
pcaegem,uniform,4,0.803,0.9,1.0,0.6,mnist-8,5
pcaegem,uniform,4,0.818,0.9,1.0,0.7,mnist-8,5
pcaegem,uniform,4,0.82,0.9,1.0,0.8,mnist-8,5
pcaegem,uniform,4,0.83,0.9,1.0,0.9,mnist-8,5
pcaegem,uniform,4,0.834,0.9,1.0,0.99,mnist-8,5
retrain,none,0,0.949,0.9392857142857143,1.0,1.0,mnist-8,700
retrain,none,0,0.967,0.9757142857142858,1.0,5.0,mnist-8,700
retrain,none,0,0.97,0.9785714285714285,1.0,10.0,mnist-8,700
retrain,none,0,0.969,0.9864285714285714,1.0,20.0,mnist-8,700
retrain,none,0,0.972,0.9857142857142858,1.0,30.0,mnist-8,700
retrain,none,0,0.971,0.9814285714285714,1.0,50.0,mnist-8,700
retrain,none,0,0.974,0.9892857142857143,1.0,100.0,mnist-8,700
retrain,none,1,0.939,0.9492857142857143,1.0,1.0,mnist-8,700
retrain,none,1,0.954,0.9592857142857143,1.0,5.0,mnist-8,700
retrain,none,1,0.957,0.9671428571428572,1.0,10.0,mnist-8,700
retrain,none,1,0.974,0.9807142857142858,1.0,20.0,mnist-8,700
retrain,none,1,0.974,0.9735714285714285,1.0,30.0,mnist-8,700
retrain,none,1,0.974,0.9814285714285714,1.0,50.0,mnist-8,700
retrain,none,1,0.975,0.9807142857142858,1.0,100.0,mnist-8,700
retrain,none,2,0.937,0.9264285714285714,1.0,1.0,mnist-8,700
retrain,none,2,0.953,0.9692857142857143,1.0,5.0,mnist-8,700
retrain,none,2,0.969,0.98,1.0,10.0,mnist-8,700
retrain,none,2,0.978,0.9807142857142858,1.0,20.0,mnist-8,700
retrain,none,2,0.979,0.9842857142857143,1.0,30.0,mnist-8,700
retrain,none,2,0.971,0.9807142857142858,1.0,50.0,mnist-8,700
retrain,none,2,0.981,0.9792857142857143,1.0,100.0,mnist-8,700
retrain,none,3,0.945,0.9435714285714286,1.0,1.0,mnist-8,700
retrain,none,3,0.958,0.9642857142857143,1.0,5.0,mnist-8,700
retrain,none,3,0.958,0.9478571428571428,1.0,10.0,mnist-8,700
retrain,none,3,0.97,0.9728571428571429,1.0,20.0,mnist-8,700
retrain,none,3,0.961,0.9821428571428571,1.0,30.0,mnist-8,700
retrain,none,3,0.977,0.9771428571428571,1.0,50.0,mnist-8,700
retrain,none,3,0.969,0.9828571428571429,1.0,100.0,mnist-8,700
retrain,none,4,0.928,0.9371428571428572,1.0,1.0,mnist-8,700
retrain,none,4,0.951,0.9542857142857143,1.0,5.0,mnist-8,700
retrain,none,4,0.963,0.9657142857142857,1.0,10.0,mnist-8,700
retrain,none,4,0.957,0.9728571428571429,1.0,20.0,mnist-8,700
retrain,none,4,0.97,0.9835714285714285,1.0,30.0,mnist-8,700
retrain,none,4,0.973,0.98,1.0,50.0,mnist-8,700
retrain,none,4,0.978,0.98,1.0,100.0,mnist-8,700
egem,uniform,0,0.518,0.49,1.0,0.001,mnist-8,700
egem,uniform,0,0.848,0.8178571428571428,1.0,0.01,mnist-8,700
egem,uniform,0,0.866,0.8542857142857143,1.0,0.1,mnist-8,700
egem,uniform,0,0.943,0.94,1.0,0.2,mnist-8,700
egem,uniform,0,0.97,0.9828571428571429,1.0,0.3,mnist-8,700
egem,uniform,0,0.97,0.9828571428571429,1.0,0.4,mnist-8,700
egem,uniform,0,0.971,0.9928571428571429,1.0,0.5,mnist-8,700
egem,uniform,0,0.969,0.9985714285714286,1.0,0.6,mnist-8,700
egem,uniform,0,0.942,1.0,1.0,0.7,mnist-8,700
egem,uniform,0,0.804,1.0,1.0,0.8,mnist-8,700
egem,uniform,0,0.691,1.0,1.0,0.9,mnist-8,700
egem,uniform,0,0.691,1.0,1.0,0.99,mnist-8,700
egem,uniform,1,0.507,0.48857142857142855,1.0,0.001,mnist-8,700
egem,uniform,1,0.842,0.8142857142857143,1.0,0.01,mnist-8,700
egem,uniform,1,0.865,0.8478571428571429,1.0,0.1,mnist-8,700
egem,uniform,1,0.941,0.9421428571428572,1.0,0.2,mnist-8,700
egem,uniform,1,0.968,0.9742857142857143,1.0,0.3,mnist-8,700
egem,uniform,1,0.964,0.9764285714285714,1.0,0.4,mnist-8,700
egem,uniform,1,0.971,0.99,1.0,0.5,mnist-8,700
egem,uniform,1,0.969,0.9957142857142857,1.0,0.6,mnist-8,700
egem,uniform,1,0.942,1.0,1.0,0.7,mnist-8,700
egem,uniform,1,0.805,1.0,1.0,0.8,mnist-8,700
egem,uniform,1,0.691,1.0,1.0,0.9,mnist-8,700
egem,uniform,1,0.691,1.0,1.0,0.99,mnist-8,700
egem,uniform,2,0.509,0.48,1.0,0.001,mnist-8,700
egem,uniform,2,0.845,0.7992857142857143,1.0,0.01,mnist-8,700
egem,uniform,2,0.87,0.8414285714285714,1.0,0.1,mnist-8,700
egem,uniform,2,0.941,0.9357142857142857,1.0,0.2,mnist-8,700
egem,uniform,2,0.97,0.9778571428571429,1.0,0.3,mnist-8,700
egem,uniform,2,0.97,0.9778571428571429,1.0,0.4,mnist-8,700
egem,uniform,2,0.974,0.9928571428571429,1.0,0.5,mnist-8,700
egem,uniform,2,0.971,0.9978571428571429,1.0,0.6,mnist-8,700
egem,uniform,2,0.947,1.0,1.0,0.7,mnist-8,700
egem,uniform,2,0.82,1.0,1.0,0.8,mnist-8,700
egem,uniform,2,0.691,1.0,1.0,0.9,mnist-8,700
egem,uniform,2,0.691,1.0,1.0,0.99,mnist-8,700
egem,uniform,3,0.514,0.49857142857142855,1.0,0.001,mnist-8,700
egem,uniform,3,0.838,0.785,1.0,0.01,mnist-8,700
egem,uniform,3,0.864,0.8278571428571428,1.0,0.1,mnist-8,700
egem,uniform,3,0.942,0.9264285714285714,1.0,0.2,mnist-8,700
egem,uniform,3,0.97,0.9692857142857143,1.0,0.3,mnist-8,700
egem,uniform,3,0.97,0.9692857142857143,1.0,0.4,mnist-8,700
egem,uniform,3,0.973,0.9871428571428571,1.0,0.5,mnist-8,700
egem,uniform,3,0.971,0.995,1.0,0.6,mnist-8,700
egem,uniform,3,0.947,1.0,1.0,0.7,mnist-8,700
egem,uniform,3,0.82,1.0,1.0,0.8,mnist-8,700
egem,uniform,3,0.691,1.0,1.0,0.9,mnist-8,700
egem,uniform,3,0.691,1.0,1.0,0.99,mnist-8,700
egem,uniform,4,0.516,0.49714285714285716,1.0,0.001,mnist-8,700
egem,uniform,4,0.844,0.7957142857142857,1.0,0.01,mnist-8,700
egem,uniform,4,0.867,0.8371428571428572,1.0,0.1,mnist-8,700
egem,uniform,4,0.942,0.9385714285714286,1.0,0.2,mnist-8,700
egem,uniform,4,0.967,0.9735714285714285,1.0,0.3,mnist-8,700
egem,uniform,4,0.966,0.9764285714285714,1.0,0.4,mnist-8,700
egem,uniform,4,0.97,0.9921428571428571,1.0,0.5,mnist-8,700
egem,uniform,4,0.963,0.9985714285714286,1.0,0.6,mnist-8,700
egem,uniform,4,0.934,1.0,1.0,0.7,mnist-8,700
egem,uniform,4,0.798,1.0,1.0,0.8,mnist-8,700
egem,uniform,4,0.691,1.0,1.0,0.9,mnist-8,700
egem,uniform,4,0.691,1.0,1.0,0.99,mnist-8,700
egem,none,0,0.511,0.49,1.0,0.001,mnist-8,700
egem,none,0,0.844,0.8178571428571428,1.0,0.01,mnist-8,700
egem,none,0,0.871,0.8542857142857143,1.0,0.1,mnist-8,700
egem,none,0,0.949,0.94,1.0,0.2,mnist-8,700
egem,none,0,0.971,0.9828571428571429,1.0,0.3,mnist-8,700
egem,none,0,0.971,0.9828571428571429,1.0,0.4,mnist-8,700
egem,none,0,0.984,0.9928571428571429,1.0,0.5,mnist-8,700
egem,none,0,0.985,0.9985714285714286,1.0,0.6,mnist-8,700
egem,none,0,0.988,1.0,1.0,0.7,mnist-8,700
egem,none,0,0.989,1.0,1.0,0.8,mnist-8,700
egem,none,0,0.989,1.0,1.0,0.9,mnist-8,700
egem,none,0,0.989,1.0,1.0,0.99,mnist-8,700
egem,none,1,0.501,0.48857142857142855,1.0,0.001,mnist-8,700
egem,none,1,0.84,0.8142857142857143,1.0,0.01,mnist-8,700
egem,none,1,0.869,0.8478571428571429,1.0,0.1,mnist-8,700
egem,none,1,0.947,0.9421428571428572,1.0,0.2,mnist-8,700
egem,none,1,0.97,0.9742857142857143,1.0,0.3,mnist-8,700
egem,none,1,0.972,0.9764285714285714,1.0,0.4,mnist-8,700
egem,none,1,0.984,0.99,1.0,0.5,mnist-8,700
egem,none,1,0.985,0.9957142857142857,1.0,0.6,mnist-8,700
egem,none,1,0.988,1.0,1.0,0.7,mnist-8,700
egem,none,1,0.989,1.0,1.0,0.8,mnist-8,700
egem,none,1,0.989,1.0,1.0,0.9,mnist-8,700
egem,none,1,0.989,1.0,1.0,0.99,mnist-8,700
egem,none,2,0.505,0.48,1.0,0.001,mnist-8,700
egem,none,2,0.844,0.7992857142857143,1.0,0.01,mnist-8,700
egem,none,2,0.873,0.8414285714285714,1.0,0.1,mnist-8,700
egem,none,2,0.95,0.9357142857142857,1.0,0.2,mnist-8,700
egem,none,2,0.972,0.9778571428571429,1.0,0.3,mnist-8,700
egem,none,2,0.972,0.9778571428571429,1.0,0.4,mnist-8,700
egem,none,2,0.983,0.9928571428571429,1.0,0.5,mnist-8,700
egem,none,2,0.985,0.9978571428571429,1.0,0.6,mnist-8,700
egem,none,2,0.988,1.0,1.0,0.7,mnist-8,700
egem,none,2,0.989,1.0,1.0,0.8,mnist-8,700
egem,none,2,0.989,1.0,1.0,0.9,mnist-8,700
egem,none,2,0.989,1.0,1.0,0.99,mnist-8,700
egem,none,3,0.505,0.49857142857142855,1.0,0.001,mnist-8,700
egem,none,3,0.839,0.785,1.0,0.01,mnist-8,700
egem,none,3,0.867,0.8278571428571428,1.0,0.1,mnist-8,700
egem,none,3,0.948,0.9264285714285714,1.0,0.2,mnist-8,700
egem,none,3,0.971,0.9692857142857143,1.0,0.3,mnist-8,700
egem,none,3,0.971,0.9692857142857143,1.0,0.4,mnist-8,700
egem,none,3,0.983,0.9871428571428571,1.0,0.5,mnist-8,700
egem,none,3,0.985,0.995,1.0,0.6,mnist-8,700
egem,none,3,0.988,1.0,1.0,0.7,mnist-8,700
egem,none,3,0.989,1.0,1.0,0.8,mnist-8,700
egem,none,3,0.989,1.0,1.0,0.9,mnist-8,700
egem,none,3,0.989,1.0,1.0,0.99,mnist-8,700
egem,none,4,0.507,0.49714285714285716,1.0,0.001,mnist-8,700
egem,none,4,0.839,0.7957142857142857,1.0,0.01,mnist-8,700
egem,none,4,0.868,0.8371428571428572,1.0,0.1,mnist-8,700
egem,none,4,0.948,0.9385714285714286,1.0,0.2,mnist-8,700
egem,none,4,0.971,0.9735714285714285,1.0,0.3,mnist-8,700
egem,none,4,0.97,0.9764285714285714,1.0,0.4,mnist-8,700
egem,none,4,0.984,0.9921428571428571,1.0,0.5,mnist-8,700
egem,none,4,0.985,0.9985714285714286,1.0,0.6,mnist-8,700
egem,none,4,0.988,1.0,1.0,0.7,mnist-8,700
egem,none,4,0.989,1.0,1.0,0.8,mnist-8,700
egem,none,4,0.989,1.0,1.0,0.9,mnist-8,700
egem,none,4,0.989,1.0,1.0,0.99,mnist-8,700
pcaegem,none,0,0.097,0.11142857142857143,1.0,0.001,mnist-8,700
pcaegem,none,0,0.488,0.51,1.0,0.01,mnist-8,700
pcaegem,none,0,0.975,0.9871428571428571,1.0,0.1,mnist-8,700
pcaegem,none,0,0.984,0.9971428571428571,1.0,0.2,mnist-8,700
pcaegem,none,0,0.984,0.9992857142857143,1.0,0.3,mnist-8,700
pcaegem,none,0,0.987,1.0,1.0,0.4,mnist-8,700
pcaegem,none,0,0.988,1.0,1.0,0.5,mnist-8,700
pcaegem,none,0,0.989,1.0,1.0,0.6,mnist-8,700
pcaegem,none,0,0.99,1.0,1.0,0.7,mnist-8,700
pcaegem,none,0,0.989,1.0,1.0,0.8,mnist-8,700
pcaegem,none,0,0.989,1.0,1.0,0.9,mnist-8,700
pcaegem,none,0,0.989,1.0,1.0,0.99,mnist-8,700
pcaegem,none,1,0.097,0.115,1.0,0.001,mnist-8,700
pcaegem,none,1,0.495,0.5064285714285715,1.0,0.01,mnist-8,700
pcaegem,none,1,0.974,0.9871428571428571,1.0,0.1,mnist-8,700
pcaegem,none,1,0.983,0.995,1.0,0.2,mnist-8,700
pcaegem,none,1,0.984,0.9992857142857143,1.0,0.3,mnist-8,700
pcaegem,none,1,0.987,1.0,1.0,0.4,mnist-8,700
pcaegem,none,1,0.988,1.0,1.0,0.5,mnist-8,700
pcaegem,none,1,0.989,1.0,1.0,0.6,mnist-8,700
pcaegem,none,1,0.99,1.0,1.0,0.7,mnist-8,700
pcaegem,none,1,0.989,1.0,1.0,0.8,mnist-8,700
pcaegem,none,1,0.989,1.0,1.0,0.9,mnist-8,700
pcaegem,none,1,0.989,1.0,1.0,0.99,mnist-8,700
pcaegem,none,2,0.097,0.09428571428571429,1.0,0.001,mnist-8,700
pcaegem,none,2,0.468,0.4828571428571429,1.0,0.01,mnist-8,700
pcaegem,none,2,0.975,0.985,1.0,0.1,mnist-8,700
pcaegem,none,2,0.984,0.9957142857142857,1.0,0.2,mnist-8,700
pcaegem,none,2,0.984,0.9978571428571429,1.0,0.3,mnist-8,700
pcaegem,none,2,0.987,0.9992857142857143,1.0,0.4,mnist-8,700
pcaegem,none,2,0.988,1.0,1.0,0.5,mnist-8,700
pcaegem,none,2,0.989,1.0,1.0,0.6,mnist-8,700
pcaegem,none,2,0.99,1.0,1.0,0.7,mnist-8,700
pcaegem,none,2,0.989,1.0,1.0,0.8,mnist-8,700
pcaegem,none,2,0.989,1.0,1.0,0.9,mnist-8,700
pcaegem,none,2,0.989,1.0,1.0,0.99,mnist-8,700
pcaegem,none,3,0.097,0.11571428571428571,1.0,0.001,mnist-8,700
pcaegem,none,3,0.485,0.49642857142857144,1.0,0.01,mnist-8,700
pcaegem,none,3,0.977,0.9871428571428571,1.0,0.1,mnist-8,700
pcaegem,none,3,0.981,0.9957142857142857,1.0,0.2,mnist-8,700
pcaegem,none,3,0.984,0.9992857142857143,1.0,0.3,mnist-8,700
pcaegem,none,3,0.987,1.0,1.0,0.4,mnist-8,700
pcaegem,none,3,0.988,1.0,1.0,0.5,mnist-8,700
pcaegem,none,3,0.989,1.0,1.0,0.6,mnist-8,700
pcaegem,none,3,0.99,1.0,1.0,0.7,mnist-8,700
pcaegem,none,3,0.989,1.0,1.0,0.8,mnist-8,700
pcaegem,none,3,0.989,1.0,1.0,0.9,mnist-8,700
pcaegem,none,3,0.989,1.0,1.0,0.99,mnist-8,700
pcaegem,none,4,0.097,0.09357142857142857,1.0,0.001,mnist-8,700
pcaegem,none,4,0.489,0.4828571428571429,1.0,0.01,mnist-8,700
pcaegem,none,4,0.975,0.985,1.0,0.1,mnist-8,700
pcaegem,none,4,0.984,0.9964285714285714,1.0,0.2,mnist-8,700
pcaegem,none,4,0.984,1.0,1.0,0.3,mnist-8,700
pcaegem,none,4,0.987,1.0,1.0,0.4,mnist-8,700
pcaegem,none,4,0.988,1.0,1.0,0.5,mnist-8,700
pcaegem,none,4,0.988,1.0,1.0,0.6,mnist-8,700
pcaegem,none,4,0.99,1.0,1.0,0.7,mnist-8,700
pcaegem,none,4,0.989,1.0,1.0,0.8,mnist-8,700
pcaegem,none,4,0.989,1.0,1.0,0.9,mnist-8,700
pcaegem,none,4,0.989,1.0,1.0,0.99,mnist-8,700
rgem,uniform,0,0.691,1.0,1.0,0.0001,mnist-8,700
rgem,uniform,0,0.691,1.0,1.0,0.001,mnist-8,700
rgem,uniform,0,0.695,1.0,1.0,0.01,mnist-8,700
rgem,uniform,0,0.703,1.0,1.0,0.1,mnist-8,700
rgem,uniform,0,0.736,1.0,1.0,1.0,mnist-8,700
rgem,uniform,0,0.856,0.9964285714285714,1.0,10.0,mnist-8,700
rgem,uniform,0,0.884,0.9621428571428572,1.0,100.0,mnist-8,700
rgem,uniform,0,0.688,0.8007142857142857,1.0,1000.0,mnist-8,700
rgem,uniform,0,0.097,0.11357142857142857,1.0,10000.0,mnist-8,700
rgem,uniform,1,0.691,1.0,1.0,0.0001,mnist-8,700
rgem,uniform,1,0.691,1.0,1.0,0.001,mnist-8,700
rgem,uniform,1,0.695,1.0,1.0,0.01,mnist-8,700
rgem,uniform,1,0.703,1.0,1.0,0.1,mnist-8,700
rgem,uniform,1,0.738,1.0,1.0,1.0,mnist-8,700
rgem,uniform,1,0.853,0.9942857142857143,1.0,10.0,mnist-8,700
rgem,uniform,1,0.884,0.9614285714285714,1.0,100.0,mnist-8,700
rgem,uniform,1,0.681,0.7621428571428571,1.0,1000.0,mnist-8,700
rgem,uniform,1,0.097,0.09285714285714286,1.0,10000.0,mnist-8,700
rgem,uniform,2,0.691,1.0,1.0,0.0001,mnist-8,700
rgem,uniform,2,0.691,1.0,1.0,0.001,mnist-8,700
rgem,uniform,2,0.695,1.0,1.0,0.01,mnist-8,700
rgem,uniform,2,0.702,1.0,1.0,0.1,mnist-8,700
rgem,uniform,2,0.736,1.0,1.0,1.0,mnist-8,700
rgem,uniform,2,0.853,0.9971428571428571,1.0,10.0,mnist-8,700
rgem,uniform,2,0.882,0.9742857142857143,1.0,100.0,mnist-8,700
rgem,uniform,2,0.681,0.8064285714285714,1.0,1000.0,mnist-8,700
rgem,uniform,2,0.097,0.09071428571428572,1.0,10000.0,mnist-8,700
rgem,uniform,3,0.691,1.0,1.0,0.0001,mnist-8,700
rgem,uniform,3,0.691,1.0,1.0,0.001,mnist-8,700
rgem,uniform,3,0.694,1.0,1.0,0.01,mnist-8,700
rgem,uniform,3,0.702,1.0,1.0,0.1,mnist-8,700
rgem,uniform,3,0.738,1.0,1.0,1.0,mnist-8,700
rgem,uniform,3,0.853,0.9971428571428571,1.0,10.0,mnist-8,700
rgem,uniform,3,0.883,0.96,1.0,100.0,mnist-8,700
rgem,uniform,3,0.683,0.7735714285714286,1.0,1000.0,mnist-8,700
rgem,uniform,3,0.097,0.09928571428571428,1.0,10000.0,mnist-8,700
rgem,uniform,4,0.691,1.0,1.0,0.0001,mnist-8,700
rgem,uniform,4,0.691,1.0,1.0,0.001,mnist-8,700
rgem,uniform,4,0.694,1.0,1.0,0.01,mnist-8,700
rgem,uniform,4,0.701,1.0,1.0,0.1,mnist-8,700
rgem,uniform,4,0.736,0.9992857142857143,1.0,1.0,mnist-8,700
rgem,uniform,4,0.852,0.9964285714285714,1.0,10.0,mnist-8,700
rgem,uniform,4,0.885,0.975,1.0,100.0,mnist-8,700
rgem,uniform,4,0.692,0.8171428571428572,1.0,1000.0,mnist-8,700
rgem,uniform,4,0.097,0.09857142857142857,1.0,10000.0,mnist-8,700
none,uniform,0,0.691,1.0,,,mnist-8,700
none,uniform,1,0.691,1.0,,,mnist-8,700
none,uniform,2,0.691,1.0,,,mnist-8,700
none,uniform,3,0.691,1.0,,,mnist-8,700
none,uniform,4,0.691,1.0,,,mnist-8,700
none,none,0,0.989,1.0,,,mnist-8,700
none,none,1,0.989,1.0,,,mnist-8,700
none,none,2,0.989,1.0,,,mnist-8,700
none,none,3,0.989,1.0,,,mnist-8,700
none,none,4,0.989,1.0,,,mnist-8,700
pcaegem,uniform,0,0.097,0.11142857142857143,1.0,0.001,mnist-8,700
pcaegem,uniform,0,0.47,0.51,1.0,0.01,mnist-8,700
pcaegem,uniform,0,0.968,0.9871428571428571,1.0,0.1,mnist-8,700
pcaegem,uniform,0,0.977,0.9971428571428571,1.0,0.2,mnist-8,700
pcaegem,uniform,0,0.971,0.9992857142857143,1.0,0.3,mnist-8,700
pcaegem,uniform,0,0.958,1.0,1.0,0.4,mnist-8,700
pcaegem,uniform,0,0.917,1.0,1.0,0.5,mnist-8,700
pcaegem,uniform,0,0.862,1.0,1.0,0.6,mnist-8,700
pcaegem,uniform,0,0.768,1.0,1.0,0.7,mnist-8,700
pcaegem,uniform,0,0.717,1.0,1.0,0.8,mnist-8,700
pcaegem,uniform,0,0.696,1.0,1.0,0.9,mnist-8,700
pcaegem,uniform,0,0.696,1.0,1.0,0.99,mnist-8,700
pcaegem,uniform,1,0.097,0.115,1.0,0.001,mnist-8,700
pcaegem,uniform,1,0.477,0.5064285714285715,1.0,0.01,mnist-8,700
pcaegem,uniform,1,0.969,0.9871428571428571,1.0,0.1,mnist-8,700
pcaegem,uniform,1,0.978,0.995,1.0,0.2,mnist-8,700
pcaegem,uniform,1,0.975,0.9992857142857143,1.0,0.3,mnist-8,700
pcaegem,uniform,1,0.97,1.0,1.0,0.4,mnist-8,700
pcaegem,uniform,1,0.962,1.0,1.0,0.5,mnist-8,700
pcaegem,uniform,1,0.942,1.0,1.0,0.6,mnist-8,700
pcaegem,uniform,1,0.871,1.0,1.0,0.7,mnist-8,700
pcaegem,uniform,1,0.767,1.0,1.0,0.8,mnist-8,700
pcaegem,uniform,1,0.7,1.0,1.0,0.9,mnist-8,700
pcaegem,uniform,1,0.699,1.0,1.0,0.99,mnist-8,700
pcaegem,uniform,2,0.097,0.09428571428571429,1.0,0.001,mnist-8,700
pcaegem,uniform,2,0.449,0.4828571428571429,1.0,0.01,mnist-8,700
pcaegem,uniform,2,0.967,0.985,1.0,0.1,mnist-8,700
pcaegem,uniform,2,0.978,0.9957142857142857,1.0,0.2,mnist-8,700
pcaegem,uniform,2,0.974,0.9978571428571429,1.0,0.3,mnist-8,700
pcaegem,uniform,2,0.968,0.9992857142857143,1.0,0.4,mnist-8,700
pcaegem,uniform,2,0.95,1.0,1.0,0.5,mnist-8,700
pcaegem,uniform,2,0.916,1.0,1.0,0.6,mnist-8,700
pcaegem,uniform,2,0.824,1.0,1.0,0.7,mnist-8,700
pcaegem,uniform,2,0.744,1.0,1.0,0.8,mnist-8,700
pcaegem,uniform,2,0.703,1.0,1.0,0.9,mnist-8,700
pcaegem,uniform,2,0.703,1.0,1.0,0.99,mnist-8,700
pcaegem,uniform,3,0.097,0.11571428571428571,1.0,0.001,mnist-8,700
pcaegem,uniform,3,0.462,0.49642857142857144,1.0,0.01,mnist-8,700
pcaegem,uniform,3,0.974,0.9871428571428571,1.0,0.1,mnist-8,700
pcaegem,uniform,3,0.982,0.9957142857142857,1.0,0.2,mnist-8,700
pcaegem,uniform,3,0.979,0.9992857142857143,1.0,0.3,mnist-8,700
pcaegem,uniform,3,0.975,1.0,1.0,0.4,mnist-8,700
pcaegem,uniform,3,0.965,1.0,1.0,0.5,mnist-8,700
pcaegem,uniform,3,0.96,1.0,1.0,0.6,mnist-8,700
pcaegem,uniform,3,0.916,1.0,1.0,0.7,mnist-8,700
pcaegem,uniform,3,0.814,1.0,1.0,0.8,mnist-8,700
pcaegem,uniform,3,0.706,1.0,1.0,0.9,mnist-8,700
pcaegem,uniform,3,0.706,1.0,1.0,0.99,mnist-8,700
pcaegem,uniform,4,0.097,0.09357142857142857,1.0,0.001,mnist-8,700
pcaegem,uniform,4,0.463,0.4828571428571429,1.0,0.01,mnist-8,700
pcaegem,uniform,4,0.965,0.985,1.0,0.1,mnist-8,700
pcaegem,uniform,4,0.975,0.9964285714285714,1.0,0.2,mnist-8,700
pcaegem,uniform,4,0.967,1.0,1.0,0.3,mnist-8,700
pcaegem,uniform,4,0.951,1.0,1.0,0.4,mnist-8,700
pcaegem,uniform,4,0.901,1.0,1.0,0.5,mnist-8,700
pcaegem,uniform,4,0.842,1.0,1.0,0.6,mnist-8,700
pcaegem,uniform,4,0.755,1.0,1.0,0.7,mnist-8,700
pcaegem,uniform,4,0.711,1.0,1.0,0.8,mnist-8,700
pcaegem,uniform,4,0.693,1.0,1.0,0.9,mnist-8,700
pcaegem,uniform,4,0.692,1.0,1.0,0.99,mnist-8,700
ridge,uniform,0,0.815,0.9885714285714285,1.0,0.0001,mnist-8,700
ridge,uniform,0,0.816,0.9878571428571429,1.0,0.001,mnist-8,700
ridge,uniform,0,0.813,0.9871428571428571,1.0,0.01,mnist-8,700
ridge,uniform,0,0.82,0.9878571428571429,1.0,0.1,mnist-8,700
ridge,uniform,0,0.825,0.985,1.0,1.0,mnist-8,700
ridge,uniform,0,0.881,0.9728571428571429,1.0,10.0,mnist-8,700
ridge,uniform,0,0.911,0.9371428571428572,1.0,100.0,mnist-8,700
ridge,uniform,0,0.87,0.8478571428571429,1.0,1000.0,mnist-8,700
ridge,uniform,0,0.794,0.7721428571428571,1.0,10000.0,mnist-8,700
ridge,uniform,1,0.753,0.98,1.0,0.0001,mnist-8,700
ridge,uniform,1,0.756,0.98,1.0,0.001,mnist-8,700
ridge,uniform,1,0.752,0.9778571428571429,1.0,0.01,mnist-8,700
ridge,uniform,1,0.752,0.9792857142857143,1.0,0.1,mnist-8,700
ridge,uniform,1,0.802,0.98,1.0,1.0,mnist-8,700
ridge,uniform,1,0.88,0.9671428571428572,1.0,10.0,mnist-8,700
ridge,uniform,1,0.911,0.93,1.0,100.0,mnist-8,700
ridge,uniform,1,0.87,0.8678571428571429,1.0,1000.0,mnist-8,700
ridge,uniform,1,0.81,0.7871428571428571,1.0,10000.0,mnist-8,700
ridge,uniform,2,0.68,0.985,1.0,0.0001,mnist-8,700
ridge,uniform,2,0.679,0.985,1.0,0.001,mnist-8,700
ridge,uniform,2,0.688,0.985,1.0,0.01,mnist-8,700
ridge,uniform,2,0.706,0.9835714285714285,1.0,0.1,mnist-8,700
ridge,uniform,2,0.781,0.9807142857142858,1.0,1.0,mnist-8,700
ridge,uniform,2,0.882,0.9792857142857143,1.0,10.0,mnist-8,700
ridge,uniform,2,0.907,0.9535714285714286,1.0,100.0,mnist-8,700
ridge,uniform,2,0.871,0.8857142857142857,1.0,1000.0,mnist-8,700
ridge,uniform,2,0.802,0.8014285714285714,1.0,10000.0,mnist-8,700
ridge,uniform,3,0.743,0.9728571428571429,1.0,0.0001,mnist-8,700
ridge,uniform,3,0.759,0.9728571428571429,1.0,0.001,mnist-8,700
ridge,uniform,3,0.767,0.9742857142857143,1.0,0.01,mnist-8,700
ridge,uniform,3,0.77,0.9721428571428572,1.0,0.1,mnist-8,700
ridge,uniform,3,0.803,0.9707142857142858,1.0,1.0,mnist-8,700
ridge,uniform,3,0.882,0.9678571428571429,1.0,10.0,mnist-8,700
ridge,uniform,3,0.91,0.9335714285714286,1.0,100.0,mnist-8,700
ridge,uniform,3,0.866,0.855,1.0,1000.0,mnist-8,700
ridge,uniform,3,0.796,0.7807142857142857,1.0,10000.0,mnist-8,700
ridge,uniform,4,0.79,0.9785714285714285,1.0,0.0001,mnist-8,700
ridge,uniform,4,0.79,0.9778571428571429,1.0,0.001,mnist-8,700
ridge,uniform,4,0.791,0.9778571428571429,1.0,0.01,mnist-8,700
ridge,uniform,4,0.786,0.9785714285714285,1.0,0.1,mnist-8,700
ridge,uniform,4,0.801,0.9778571428571429,1.0,1.0,mnist-8,700
ridge,uniform,4,0.876,0.97,1.0,10.0,mnist-8,700
ridge,uniform,4,0.906,0.9328571428571428,1.0,100.0,mnist-8,700
ridge,uniform,4,0.873,0.8792857142857143,1.0,1000.0,mnist-8,700
ridge,uniform,4,0.815,0.81,1.0,10000.0,mnist-8,700
rgem,none,0,0.989,1.0,1.0,0.0001,mnist-8,700
rgem,none,0,0.989,1.0,1.0,0.001,mnist-8,700
rgem,none,0,0.989,1.0,1.0,0.01,mnist-8,700
rgem,none,0,0.99,1.0,1.0,0.1,mnist-8,700
rgem,none,0,0.988,1.0,1.0,1.0,mnist-8,700
rgem,none,0,0.984,0.9964285714285714,1.0,10.0,mnist-8,700
rgem,none,0,0.946,0.9621428571428572,1.0,100.0,mnist-8,700
rgem,none,0,0.742,0.8007142857142857,1.0,1000.0,mnist-8,700
rgem,none,0,0.098,0.11357142857142857,1.0,10000.0,mnist-8,700
rgem,none,1,0.989,1.0,1.0,0.0001,mnist-8,700
rgem,none,1,0.989,1.0,1.0,0.001,mnist-8,700
rgem,none,1,0.989,1.0,1.0,0.01,mnist-8,700
rgem,none,1,0.99,1.0,1.0,0.1,mnist-8,700
rgem,none,1,0.988,1.0,1.0,1.0,mnist-8,700
rgem,none,1,0.984,0.9942857142857143,1.0,10.0,mnist-8,700
rgem,none,1,0.944,0.9614285714285714,1.0,100.0,mnist-8,700
rgem,none,1,0.739,0.7621428571428571,1.0,1000.0,mnist-8,700
rgem,none,1,0.097,0.09285714285714286,1.0,10000.0,mnist-8,700
rgem,none,2,0.989,1.0,1.0,0.0001,mnist-8,700
rgem,none,2,0.989,1.0,1.0,0.001,mnist-8,700
rgem,none,2,0.989,1.0,1.0,0.01,mnist-8,700
rgem,none,2,0.989,1.0,1.0,0.1,mnist-8,700
rgem,none,2,0.988,1.0,1.0,1.0,mnist-8,700
rgem,none,2,0.983,0.9971428571428571,1.0,10.0,mnist-8,700
rgem,none,2,0.945,0.9742857142857143,1.0,100.0,mnist-8,700
rgem,none,2,0.742,0.8064285714285714,1.0,1000.0,mnist-8,700
rgem,none,2,0.097,0.09071428571428572,1.0,10000.0,mnist-8,700
rgem,none,3,0.989,1.0,1.0,0.0001,mnist-8,700
rgem,none,3,0.989,1.0,1.0,0.001,mnist-8,700
rgem,none,3,0.989,1.0,1.0,0.01,mnist-8,700
rgem,none,3,0.99,1.0,1.0,0.1,mnist-8,700
rgem,none,3,0.988,1.0,1.0,1.0,mnist-8,700
rgem,none,3,0.981,0.9971428571428571,1.0,10.0,mnist-8,700
rgem,none,3,0.944,0.96,1.0,100.0,mnist-8,700
rgem,none,3,0.747,0.7735714285714286,1.0,1000.0,mnist-8,700
rgem,none,3,0.097,0.09928571428571428,1.0,10000.0,mnist-8,700
rgem,none,4,0.989,1.0,1.0,0.0001,mnist-8,700
rgem,none,4,0.989,1.0,1.0,0.001,mnist-8,700
rgem,none,4,0.989,1.0,1.0,0.01,mnist-8,700
rgem,none,4,0.99,1.0,1.0,0.1,mnist-8,700
rgem,none,4,0.988,0.9992857142857143,1.0,1.0,mnist-8,700
rgem,none,4,0.983,0.9964285714285714,1.0,10.0,mnist-8,700
rgem,none,4,0.947,0.975,1.0,100.0,mnist-8,700
rgem,none,4,0.743,0.8171428571428572,1.0,1000.0,mnist-8,700
rgem,none,4,0.097,0.09857142857142857,1.0,10000.0,mnist-8,700
ridge,none,0,0.964,0.9885714285714285,1.0,0.0001,mnist-8,700
ridge,none,0,0.967,0.9878571428571429,1.0,0.001,mnist-8,700
ridge,none,0,0.966,0.9871428571428571,1.0,0.01,mnist-8,700
ridge,none,0,0.967,0.9878571428571429,1.0,0.1,mnist-8,700
ridge,none,0,0.969,0.985,1.0,1.0,mnist-8,700
ridge,none,0,0.958,0.9728571428571429,1.0,10.0,mnist-8,700
ridge,none,0,0.92,0.9371428571428572,1.0,100.0,mnist-8,700
ridge,none,0,0.848,0.8478571428571429,1.0,1000.0,mnist-8,700
ridge,none,0,0.775,0.7721428571428571,1.0,10000.0,mnist-8,700
ridge,none,1,0.971,0.98,1.0,0.0001,mnist-8,700
ridge,none,1,0.971,0.98,1.0,0.001,mnist-8,700
ridge,none,1,0.971,0.9778571428571429,1.0,0.01,mnist-8,700
ridge,none,1,0.972,0.9792857142857143,1.0,0.1,mnist-8,700
ridge,none,1,0.97,0.98,1.0,1.0,mnist-8,700
ridge,none,1,0.959,0.9671428571428572,1.0,10.0,mnist-8,700
ridge,none,1,0.921,0.93,1.0,100.0,mnist-8,700
ridge,none,1,0.854,0.8678571428571429,1.0,1000.0,mnist-8,700
ridge,none,1,0.79,0.7871428571428571,1.0,10000.0,mnist-8,700
ridge,none,2,0.962,0.985,1.0,0.0001,mnist-8,700
ridge,none,2,0.967,0.985,1.0,0.001,mnist-8,700
ridge,none,2,0.969,0.985,1.0,0.01,mnist-8,700
ridge,none,2,0.97,0.9835714285714285,1.0,0.1,mnist-8,700
ridge,none,2,0.973,0.9807142857142858,1.0,1.0,mnist-8,700
ridge,none,2,0.963,0.9792857142857143,1.0,10.0,mnist-8,700
ridge,none,2,0.924,0.9535714285714286,1.0,100.0,mnist-8,700
ridge,none,2,0.851,0.8857142857142857,1.0,1000.0,mnist-8,700
ridge,none,2,0.788,0.8014285714285714,1.0,10000.0,mnist-8,700
ridge,none,3,0.968,0.9728571428571429,1.0,0.0001,mnist-8,700
ridge,none,3,0.969,0.9728571428571429,1.0,0.001,mnist-8,700
ridge,none,3,0.969,0.9742857142857143,1.0,0.01,mnist-8,700
ridge,none,3,0.968,0.9721428571428572,1.0,0.1,mnist-8,700
ridge,none,3,0.967,0.9707142857142858,1.0,1.0,mnist-8,700
ridge,none,3,0.958,0.9678571428571429,1.0,10.0,mnist-8,700
ridge,none,3,0.923,0.9335714285714286,1.0,100.0,mnist-8,700
ridge,none,3,0.851,0.855,1.0,1000.0,mnist-8,700
ridge,none,3,0.784,0.7807142857142857,1.0,10000.0,mnist-8,700
ridge,none,4,0.968,0.9785714285714285,1.0,0.0001,mnist-8,700
ridge,none,4,0.97,0.9778571428571429,1.0,0.001,mnist-8,700
ridge,none,4,0.971,0.9778571428571429,1.0,0.01,mnist-8,700
ridge,none,4,0.971,0.9785714285714285,1.0,0.1,mnist-8,700
ridge,none,4,0.966,0.9778571428571429,1.0,1.0,mnist-8,700
ridge,none,4,0.955,0.97,1.0,10.0,mnist-8,700
ridge,none,4,0.917,0.9328571428571428,1.0,100.0,mnist-8,700
ridge,none,4,0.857,0.8792857142857143,1.0,1000.0,mnist-8,700
ridge,none,4,0.796,0.81,1.0,10000.0,mnist-8,700
retrain,uniform,0,0.763,0.9392857142857143,1.0,1.0,mnist-8,700
retrain,uniform,0,0.923,0.9757142857142858,1.0,5.0,mnist-8,700
retrain,uniform,0,0.942,0.9785714285714285,1.0,10.0,mnist-8,700
retrain,uniform,0,0.968,0.9864285714285714,1.0,20.0,mnist-8,700
retrain,uniform,0,0.967,0.9857142857142858,1.0,30.0,mnist-8,700
retrain,uniform,0,0.97,0.9814285714285714,1.0,50.0,mnist-8,700
retrain,uniform,0,0.975,0.9892857142857143,1.0,100.0,mnist-8,700
retrain,uniform,1,0.761,0.9492857142857143,1.0,1.0,mnist-8,700
retrain,uniform,1,0.951,0.9592857142857143,1.0,5.0,mnist-8,700
retrain,uniform,1,0.94,0.9671428571428572,1.0,10.0,mnist-8,700
retrain,uniform,1,0.968,0.9807142857142858,1.0,20.0,mnist-8,700
retrain,uniform,1,0.975,0.9735714285714285,1.0,30.0,mnist-8,700
retrain,uniform,1,0.974,0.9814285714285714,1.0,50.0,mnist-8,700
retrain,uniform,1,0.977,0.9807142857142858,1.0,100.0,mnist-8,700
retrain,uniform,2,0.764,0.9264285714285714,1.0,1.0,mnist-8,700
retrain,uniform,2,0.899,0.9692857142857143,1.0,5.0,mnist-8,700
retrain,uniform,2,0.943,0.98,1.0,10.0,mnist-8,700
retrain,uniform,2,0.975,0.9807142857142858,1.0,20.0,mnist-8,700
retrain,uniform,2,0.972,0.9842857142857143,1.0,30.0,mnist-8,700
retrain,uniform,2,0.971,0.9807142857142858,1.0,50.0,mnist-8,700
retrain,uniform,2,0.981,0.9792857142857143,1.0,100.0,mnist-8,700
retrain,uniform,3,0.888,0.9435714285714286,1.0,1.0,mnist-8,700
retrain,uniform,3,0.93,0.9642857142857143,1.0,5.0,mnist-8,700
retrain,uniform,3,0.929,0.9478571428571428,1.0,10.0,mnist-8,700
retrain,uniform,3,0.957,0.9728571428571429,1.0,20.0,mnist-8,700
retrain,uniform,3,0.965,0.9821428571428571,1.0,30.0,mnist-8,700
retrain,uniform,3,0.978,0.9771428571428571,1.0,50.0,mnist-8,700
retrain,uniform,3,0.971,0.9828571428571429,1.0,100.0,mnist-8,700
retrain,uniform,4,0.745,0.9371428571428572,1.0,1.0,mnist-8,700
retrain,uniform,4,0.938,0.9542857142857143,1.0,5.0,mnist-8,700
retrain,uniform,4,0.966,0.9657142857142857,1.0,10.0,mnist-8,700
retrain,uniform,4,0.959,0.9728571428571429,1.0,20.0,mnist-8,700
retrain,uniform,4,0.966,0.9835714285714285,1.0,30.0,mnist-8,700
retrain,uniform,4,0.97,0.98,1.0,50.0,mnist-8,700
retrain,uniform,4,0.975,0.98,1.0,100.0,mnist-8,700
none,uniform,0,0.691,1.0,,,mnist-8,70
pcaegem,none,0,0.097,0.07,1.0,0.001,mnist-rgb-artifact,50
pcaegem,none,0,0.938,0.93,1.0,0.01,mnist-rgb-artifact,50
pcaegem,none,0,0.978,0.99,1.0,0.1,mnist-rgb-artifact,50
pcaegem,none,0,0.985,0.99,1.0,0.2,mnist-rgb-artifact,50
pcaegem,none,0,0.986,0.99,1.0,0.3,mnist-rgb-artifact,50
pcaegem,none,0,0.988,1.0,1.0,0.4,mnist-rgb-artifact,50
pcaegem,none,0,0.988,1.0,1.0,0.5,mnist-rgb-artifact,50
pcaegem,none,0,0.988,1.0,1.0,0.6,mnist-rgb-artifact,50
pcaegem,none,0,0.989,1.0,1.0,0.7,mnist-rgb-artifact,50
pcaegem,none,0,0.989,1.0,1.0,0.8,mnist-rgb-artifact,50
pcaegem,none,0,0.99,1.0,1.0,0.9,mnist-rgb-artifact,50
pcaegem,none,0,0.99,1.0,1.0,0.99,mnist-rgb-artifact,50
pcaegem,none,1,0.114,0.13,0.99,0.001,mnist-rgb-artifact,50
pcaegem,none,1,0.925,0.92,0.99,0.01,mnist-rgb-artifact,50
pcaegem,none,1,0.976,0.98,0.99,0.1,mnist-rgb-artifact,50
pcaegem,none,1,0.982,0.99,0.99,0.2,mnist-rgb-artifact,50
pcaegem,none,1,0.986,0.99,0.99,0.3,mnist-rgb-artifact,50
pcaegem,none,1,0.986,0.99,0.99,0.4,mnist-rgb-artifact,50
pcaegem,none,1,0.989,0.99,0.99,0.5,mnist-rgb-artifact,50
pcaegem,none,1,0.989,0.99,0.99,0.6,mnist-rgb-artifact,50
pcaegem,none,1,0.989,0.99,0.99,0.7,mnist-rgb-artifact,50
pcaegem,none,1,0.989,0.99,0.99,0.8,mnist-rgb-artifact,50
pcaegem,none,1,0.99,0.99,0.99,0.9,mnist-rgb-artifact,50
pcaegem,none,1,0.99,0.99,0.99,0.99,mnist-rgb-artifact,50
pcaegem,none,2,0.162,0.18,0.99,0.001,mnist-rgb-artifact,50
pcaegem,none,2,0.914,0.96,0.99,0.01,mnist-rgb-artifact,50
pcaegem,none,2,0.98,0.99,0.99,0.1,mnist-rgb-artifact,50
pcaegem,none,2,0.984,0.99,0.99,0.2,mnist-rgb-artifact,50
pcaegem,none,2,0.987,0.99,0.99,0.3,mnist-rgb-artifact,50
pcaegem,none,2,0.988,0.99,0.99,0.4,mnist-rgb-artifact,50
pcaegem,none,2,0.989,0.99,0.99,0.5,mnist-rgb-artifact,50
pcaegem,none,2,0.988,0.99,0.99,0.6,mnist-rgb-artifact,50
pcaegem,none,2,0.989,0.99,0.99,0.7,mnist-rgb-artifact,50
pcaegem,none,2,0.989,0.99,0.99,0.8,mnist-rgb-artifact,50
pcaegem,none,2,0.989,0.99,0.99,0.9,mnist-rgb-artifact,50
pcaegem,none,2,0.991,0.99,0.99,0.99,mnist-rgb-artifact,50
pcaegem,none,3,0.098,0.08,0.99,0.001,mnist-rgb-artifact,50
pcaegem,none,3,0.704,0.65,0.99,0.01,mnist-rgb-artifact,50
pcaegem,none,3,0.98,0.99,0.99,0.1,mnist-rgb-artifact,50
pcaegem,none,3,0.984,0.99,0.99,0.2,mnist-rgb-artifact,50
pcaegem,none,3,0.987,0.99,0.99,0.3,mnist-rgb-artifact,50
pcaegem,none,3,0.987,0.99,0.99,0.4,mnist-rgb-artifact,50
pcaegem,none,3,0.989,0.99,0.99,0.5,mnist-rgb-artifact,50
pcaegem,none,3,0.989,0.99,0.99,0.6,mnist-rgb-artifact,50
pcaegem,none,3,0.99,0.99,0.99,0.7,mnist-rgb-artifact,50
pcaegem,none,3,0.99,0.99,0.99,0.8,mnist-rgb-artifact,50
pcaegem,none,3,0.99,0.99,0.99,0.9,mnist-rgb-artifact,50
pcaegem,none,3,0.989,0.99,0.99,0.99,mnist-rgb-artifact,50
pcaegem,none,4,0.099,0.04,0.99,0.001,mnist-rgb-artifact,50
pcaegem,none,4,0.906,0.92,0.99,0.01,mnist-rgb-artifact,50
pcaegem,none,4,0.981,0.99,0.99,0.1,mnist-rgb-artifact,50
pcaegem,none,4,0.983,0.99,0.99,0.2,mnist-rgb-artifact,50
pcaegem,none,4,0.986,0.99,0.99,0.3,mnist-rgb-artifact,50
pcaegem,none,4,0.989,0.99,0.99,0.4,mnist-rgb-artifact,50
pcaegem,none,4,0.987,0.99,0.99,0.5,mnist-rgb-artifact,50
pcaegem,none,4,0.986,0.99,0.99,0.6,mnist-rgb-artifact,50
pcaegem,none,4,0.988,0.99,0.99,0.7,mnist-rgb-artifact,50
pcaegem,none,4,0.988,0.99,0.99,0.8,mnist-rgb-artifact,50
pcaegem,none,4,0.988,0.99,0.99,0.9,mnist-rgb-artifact,50
pcaegem,none,4,0.989,0.99,0.99,0.99,mnist-rgb-artifact,50
none,uniform,0,0.513,1.0,,,mnist-rgb-artifact,50
none,uniform,1,0.513,1.0,,,mnist-rgb-artifact,50
none,uniform,2,0.513,0.99,,,mnist-rgb-artifact,50
none,uniform,3,0.513,0.99,,,mnist-rgb-artifact,50
none,uniform,4,0.513,0.99,,,mnist-rgb-artifact,50
egem,uniform,0,0.153,0.15,1.0,0.001,mnist-rgb-artifact,50
egem,uniform,0,0.802,0.8,1.0,0.01,mnist-rgb-artifact,50
egem,uniform,0,0.966,0.98,1.0,0.1,mnist-rgb-artifact,50
egem,uniform,0,0.978,0.98,1.0,0.2,mnist-rgb-artifact,50
egem,uniform,0,0.984,0.99,1.0,0.3,mnist-rgb-artifact,50
egem,uniform,0,0.989,0.99,1.0,0.4,mnist-rgb-artifact,50
egem,uniform,0,0.988,0.99,1.0,0.5,mnist-rgb-artifact,50
egem,uniform,0,0.985,1.0,1.0,0.6,mnist-rgb-artifact,50
egem,uniform,0,0.978,1.0,1.0,0.7,mnist-rgb-artifact,50
egem,uniform,0,0.961,1.0,1.0,0.8,mnist-rgb-artifact,50
egem,uniform,0,0.88,1.0,1.0,0.9,mnist-rgb-artifact,50
egem,uniform,0,0.799,1.0,1.0,0.99,mnist-rgb-artifact,50
egem,uniform,1,0.148,0.17,0.96,0.001,mnist-rgb-artifact,50
egem,uniform,1,0.824,0.82,0.96,0.01,mnist-rgb-artifact,50
egem,uniform,1,0.968,0.93,0.96,0.1,mnist-rgb-artifact,50
egem,uniform,1,0.978,0.94,0.96,0.2,mnist-rgb-artifact,50
egem,uniform,1,0.981,0.96,0.96,0.3,mnist-rgb-artifact,50
egem,uniform,1,0.987,0.96,0.96,0.4,mnist-rgb-artifact,50
egem,uniform,1,0.987,0.96,0.96,0.5,mnist-rgb-artifact,50
egem,uniform,1,0.98,0.96,0.96,0.6,mnist-rgb-artifact,50
egem,uniform,1,0.971,0.96,0.96,0.7,mnist-rgb-artifact,50
egem,uniform,1,0.942,0.96,0.96,0.8,mnist-rgb-artifact,50
egem,uniform,1,0.855,0.96,0.96,0.9,mnist-rgb-artifact,50
egem,uniform,1,0.798,0.96,0.96,0.99,mnist-rgb-artifact,50
egem,uniform,2,0.148,0.15,0.98,0.001,mnist-rgb-artifact,50
egem,uniform,2,0.78,0.81,0.98,0.01,mnist-rgb-artifact,50
egem,uniform,2,0.965,0.98,0.98,0.1,mnist-rgb-artifact,50
egem,uniform,2,0.977,0.98,0.98,0.2,mnist-rgb-artifact,50
egem,uniform,2,0.983,0.98,0.98,0.3,mnist-rgb-artifact,50
egem,uniform,2,0.987,0.98,0.98,0.4,mnist-rgb-artifact,50
egem,uniform,2,0.986,0.98,0.98,0.5,mnist-rgb-artifact,50
egem,uniform,2,0.981,0.98,0.98,0.6,mnist-rgb-artifact,50
egem,uniform,2,0.97,0.98,0.98,0.7,mnist-rgb-artifact,50
egem,uniform,2,0.938,0.98,0.98,0.8,mnist-rgb-artifact,50
egem,uniform,2,0.861,0.98,0.98,0.9,mnist-rgb-artifact,50
egem,uniform,2,0.721,0.98,0.98,0.99,mnist-rgb-artifact,50
egem,uniform,3,0.157,0.15,1.0,0.001,mnist-rgb-artifact,50
egem,uniform,3,0.816,0.85,1.0,0.01,mnist-rgb-artifact,50
egem,uniform,3,0.967,0.98,1.0,0.1,mnist-rgb-artifact,50
egem,uniform,3,0.98,1.0,1.0,0.2,mnist-rgb-artifact,50
egem,uniform,3,0.983,1.0,1.0,0.3,mnist-rgb-artifact,50
egem,uniform,3,0.99,1.0,1.0,0.4,mnist-rgb-artifact,50
egem,uniform,3,0.988,1.0,1.0,0.5,mnist-rgb-artifact,50
egem,uniform,3,0.983,1.0,1.0,0.6,mnist-rgb-artifact,50
egem,uniform,3,0.963,1.0,1.0,0.7,mnist-rgb-artifact,50
egem,uniform,3,0.95,1.0,1.0,0.8,mnist-rgb-artifact,50
egem,uniform,3,0.876,1.0,1.0,0.9,mnist-rgb-artifact,50
egem,uniform,3,0.846,1.0,1.0,0.99,mnist-rgb-artifact,50
egem,uniform,4,0.151,0.11,0.99,0.001,mnist-rgb-artifact,50
egem,uniform,4,0.788,0.81,0.99,0.01,mnist-rgb-artifact,50
egem,uniform,4,0.963,0.97,0.99,0.1,mnist-rgb-artifact,50
egem,uniform,4,0.978,0.98,0.99,0.2,mnist-rgb-artifact,50
egem,uniform,4,0.98,0.98,0.99,0.3,mnist-rgb-artifact,50
egem,uniform,4,0.987,0.99,0.99,0.4,mnist-rgb-artifact,50
egem,uniform,4,0.986,0.99,0.99,0.5,mnist-rgb-artifact,50
egem,uniform,4,0.982,0.99,0.99,0.6,mnist-rgb-artifact,50
egem,uniform,4,0.974,0.99,0.99,0.7,mnist-rgb-artifact,50
egem,uniform,4,0.951,0.99,0.99,0.8,mnist-rgb-artifact,50
egem,uniform,4,0.892,0.99,0.99,0.9,mnist-rgb-artifact,50
egem,uniform,4,0.867,0.99,0.99,0.99,mnist-rgb-artifact,50
egem,none,0,0.152,0.15,1.0,0.001,mnist-rgb-artifact,50
egem,none,0,0.816,0.8,1.0,0.01,mnist-rgb-artifact,50
egem,none,0,0.97,0.98,1.0,0.1,mnist-rgb-artifact,50
egem,none,0,0.98,0.98,1.0,0.2,mnist-rgb-artifact,50
egem,none,0,0.986,0.99,1.0,0.3,mnist-rgb-artifact,50
egem,none,0,0.989,0.99,1.0,0.4,mnist-rgb-artifact,50
egem,none,0,0.99,0.99,1.0,0.5,mnist-rgb-artifact,50
egem,none,0,0.99,1.0,1.0,0.6,mnist-rgb-artifact,50
egem,none,0,0.99,1.0,1.0,0.7,mnist-rgb-artifact,50
egem,none,0,0.99,1.0,1.0,0.8,mnist-rgb-artifact,50
egem,none,0,0.99,1.0,1.0,0.9,mnist-rgb-artifact,50
egem,none,0,0.99,1.0,1.0,0.99,mnist-rgb-artifact,50
egem,none,1,0.148,0.17,0.96,0.001,mnist-rgb-artifact,50
egem,none,1,0.832,0.82,0.96,0.01,mnist-rgb-artifact,50
egem,none,1,0.972,0.93,0.96,0.1,mnist-rgb-artifact,50
egem,none,1,0.979,0.94,0.96,0.2,mnist-rgb-artifact,50
egem,none,1,0.983,0.96,0.96,0.3,mnist-rgb-artifact,50
egem,none,1,0.989,0.96,0.96,0.4,mnist-rgb-artifact,50
egem,none,1,0.991,0.96,0.96,0.5,mnist-rgb-artifact,50
egem,none,1,0.989,0.96,0.96,0.6,mnist-rgb-artifact,50
egem,none,1,0.99,0.96,0.96,0.7,mnist-rgb-artifact,50
egem,none,1,0.99,0.96,0.96,0.8,mnist-rgb-artifact,50
egem,none,1,0.99,0.96,0.96,0.9,mnist-rgb-artifact,50
egem,none,1,0.99,0.96,0.96,0.99,mnist-rgb-artifact,50
egem,none,2,0.145,0.15,0.98,0.001,mnist-rgb-artifact,50
egem,none,2,0.791,0.81,0.98,0.01,mnist-rgb-artifact,50
egem,none,2,0.968,0.98,0.98,0.1,mnist-rgb-artifact,50
egem,none,2,0.98,0.98,0.98,0.2,mnist-rgb-artifact,50
egem,none,2,0.985,0.98,0.98,0.3,mnist-rgb-artifact,50
egem,none,2,0.99,0.98,0.98,0.4,mnist-rgb-artifact,50
egem,none,2,0.991,0.98,0.98,0.5,mnist-rgb-artifact,50
egem,none,2,0.989,0.98,0.98,0.6,mnist-rgb-artifact,50
egem,none,2,0.99,0.98,0.98,0.7,mnist-rgb-artifact,50
egem,none,2,0.99,0.98,0.98,0.8,mnist-rgb-artifact,50
egem,none,2,0.99,0.98,0.98,0.9,mnist-rgb-artifact,50
egem,none,2,0.99,0.98,0.98,0.99,mnist-rgb-artifact,50
egem,none,3,0.156,0.15,1.0,0.001,mnist-rgb-artifact,50
egem,none,3,0.827,0.85,1.0,0.01,mnist-rgb-artifact,50
egem,none,3,0.972,0.98,1.0,0.1,mnist-rgb-artifact,50
egem,none,3,0.981,1.0,1.0,0.2,mnist-rgb-artifact,50
egem,none,3,0.987,1.0,1.0,0.3,mnist-rgb-artifact,50
egem,none,3,0.989,1.0,1.0,0.4,mnist-rgb-artifact,50
egem,none,3,0.991,1.0,1.0,0.5,mnist-rgb-artifact,50
egem,none,3,0.99,1.0,1.0,0.6,mnist-rgb-artifact,50
egem,none,3,0.99,1.0,1.0,0.7,mnist-rgb-artifact,50
egem,none,3,0.99,1.0,1.0,0.8,mnist-rgb-artifact,50
egem,none,3,0.99,1.0,1.0,0.9,mnist-rgb-artifact,50
egem,none,3,0.99,1.0,1.0,0.99,mnist-rgb-artifact,50
egem,none,4,0.151,0.11,0.99,0.001,mnist-rgb-artifact,50
egem,none,4,0.801,0.81,0.99,0.01,mnist-rgb-artifact,50
egem,none,4,0.97,0.97,0.99,0.1,mnist-rgb-artifact,50
egem,none,4,0.98,0.98,0.99,0.2,mnist-rgb-artifact,50
egem,none,4,0.984,0.98,0.99,0.3,mnist-rgb-artifact,50
egem,none,4,0.988,0.99,0.99,0.4,mnist-rgb-artifact,50
egem,none,4,0.99,0.99,0.99,0.5,mnist-rgb-artifact,50
egem,none,4,0.99,0.99,0.99,0.6,mnist-rgb-artifact,50
egem,none,4,0.99,0.99,0.99,0.7,mnist-rgb-artifact,50
egem,none,4,0.99,0.99,0.99,0.8,mnist-rgb-artifact,50
egem,none,4,0.99,0.99,0.99,0.9,mnist-rgb-artifact,50
egem,none,4,0.99,0.99,0.99,0.99,mnist-rgb-artifact,50
pcaegem,uniform,0,0.097,0.07,1.0,0.001,mnist-rgb-artifact,50
pcaegem,uniform,0,0.938,0.93,1.0,0.01,mnist-rgb-artifact,50
pcaegem,uniform,0,0.981,0.99,1.0,0.1,mnist-rgb-artifact,50
pcaegem,uniform,0,0.986,0.99,1.0,0.2,mnist-rgb-artifact,50
pcaegem,uniform,0,0.986,0.99,1.0,0.3,mnist-rgb-artifact,50
pcaegem,uniform,0,0.987,1.0,1.0,0.4,mnist-rgb-artifact,50
pcaegem,uniform,0,0.989,1.0,1.0,0.5,mnist-rgb-artifact,50
pcaegem,uniform,0,0.989,1.0,1.0,0.6,mnist-rgb-artifact,50
pcaegem,uniform,0,0.99,1.0,1.0,0.7,mnist-rgb-artifact,50
pcaegem,uniform,0,0.99,1.0,1.0,0.8,mnist-rgb-artifact,50
pcaegem,uniform,0,0.991,1.0,1.0,0.9,mnist-rgb-artifact,50
pcaegem,uniform,0,0.991,1.0,1.0,0.99,mnist-rgb-artifact,50
pcaegem,uniform,1,0.114,0.13,0.99,0.001,mnist-rgb-artifact,50
pcaegem,uniform,1,0.927,0.92,0.99,0.01,mnist-rgb-artifact,50
pcaegem,uniform,1,0.978,0.98,0.99,0.1,mnist-rgb-artifact,50
pcaegem,uniform,1,0.982,0.99,0.99,0.2,mnist-rgb-artifact,50
pcaegem,uniform,1,0.985,0.99,0.99,0.3,mnist-rgb-artifact,50
pcaegem,uniform,1,0.987,0.99,0.99,0.4,mnist-rgb-artifact,50
pcaegem,uniform,1,0.988,0.99,0.99,0.5,mnist-rgb-artifact,50
pcaegem,uniform,1,0.989,0.99,0.99,0.6,mnist-rgb-artifact,50
pcaegem,uniform,1,0.99,0.99,0.99,0.7,mnist-rgb-artifact,50
pcaegem,uniform,1,0.99,0.99,0.99,0.8,mnist-rgb-artifact,50
pcaegem,uniform,1,0.991,0.99,0.99,0.9,mnist-rgb-artifact,50
pcaegem,uniform,1,0.99,0.99,0.99,0.99,mnist-rgb-artifact,50
pcaegem,uniform,2,0.159,0.18,0.99,0.001,mnist-rgb-artifact,50
pcaegem,uniform,2,0.917,0.96,0.99,0.01,mnist-rgb-artifact,50
pcaegem,uniform,2,0.982,0.99,0.99,0.1,mnist-rgb-artifact,50
pcaegem,uniform,2,0.987,0.99,0.99,0.2,mnist-rgb-artifact,50
pcaegem,uniform,2,0.989,0.99,0.99,0.3,mnist-rgb-artifact,50
pcaegem,uniform,2,0.989,0.99,0.99,0.4,mnist-rgb-artifact,50
pcaegem,uniform,2,0.99,0.99,0.99,0.5,mnist-rgb-artifact,50
pcaegem,uniform,2,0.99,0.99,0.99,0.6,mnist-rgb-artifact,50
pcaegem,uniform,2,0.99,0.99,0.99,0.7,mnist-rgb-artifact,50
pcaegem,uniform,2,0.99,0.99,0.99,0.8,mnist-rgb-artifact,50
pcaegem,uniform,2,0.99,0.99,0.99,0.9,mnist-rgb-artifact,50
pcaegem,uniform,2,0.99,0.99,0.99,0.99,mnist-rgb-artifact,50
pcaegem,uniform,3,0.098,0.08,0.99,0.001,mnist-rgb-artifact,50
pcaegem,uniform,3,0.704,0.65,0.99,0.01,mnist-rgb-artifact,50
pcaegem,uniform,3,0.98,0.99,0.99,0.1,mnist-rgb-artifact,50
pcaegem,uniform,3,0.984,0.99,0.99,0.2,mnist-rgb-artifact,50
pcaegem,uniform,3,0.986,0.99,0.99,0.3,mnist-rgb-artifact,50
pcaegem,uniform,3,0.987,0.99,0.99,0.4,mnist-rgb-artifact,50
pcaegem,uniform,3,0.985,0.99,0.99,0.5,mnist-rgb-artifact,50
pcaegem,uniform,3,0.987,0.99,0.99,0.6,mnist-rgb-artifact,50
pcaegem,uniform,3,0.988,0.99,0.99,0.7,mnist-rgb-artifact,50
pcaegem,uniform,3,0.986,0.99,0.99,0.8,mnist-rgb-artifact,50
pcaegem,uniform,3,0.988,0.99,0.99,0.9,mnist-rgb-artifact,50
pcaegem,uniform,3,0.99,0.99,0.99,0.99,mnist-rgb-artifact,50
pcaegem,uniform,4,0.099,0.04,0.99,0.001,mnist-rgb-artifact,50
pcaegem,uniform,4,0.908,0.92,0.99,0.01,mnist-rgb-artifact,50
pcaegem,uniform,4,0.98,0.99,0.99,0.1,mnist-rgb-artifact,50
pcaegem,uniform,4,0.982,0.99,0.99,0.2,mnist-rgb-artifact,50
pcaegem,uniform,4,0.984,0.99,0.99,0.3,mnist-rgb-artifact,50
pcaegem,uniform,4,0.986,0.99,0.99,0.4,mnist-rgb-artifact,50
pcaegem,uniform,4,0.987,0.99,0.99,0.5,mnist-rgb-artifact,50
pcaegem,uniform,4,0.988,0.99,0.99,0.6,mnist-rgb-artifact,50
pcaegem,uniform,4,0.988,0.99,0.99,0.7,mnist-rgb-artifact,50
pcaegem,uniform,4,0.988,0.99,0.99,0.8,mnist-rgb-artifact,50
pcaegem,uniform,4,0.989,0.99,0.99,0.9,mnist-rgb-artifact,50
pcaegem,uniform,4,0.989,0.99,0.99,0.99,mnist-rgb-artifact,50
none,none,0,0.99,1.0,,,mnist-rgb-artifact,50
none,none,1,0.99,1.0,,,mnist-rgb-artifact,50
none,none,2,0.99,0.99,,,mnist-rgb-artifact,50
none,none,3,0.99,0.99,,,mnist-rgb-artifact,50
none,none,4,0.99,0.99,,,mnist-rgb-artifact,50
egem,uniform,0,0.097,0.07,1.0,0.001,mnist-rgb-blur,50
egem,uniform,0,0.472,0.6,1.0,0.01,mnist-rgb-blur,50
egem,uniform,0,0.79,0.85,1.0,0.1,mnist-rgb-blur,50
egem,uniform,0,0.874,0.92,1.0,0.2,mnist-rgb-blur,50
egem,uniform,0,0.912,0.94,1.0,0.3,mnist-rgb-blur,50
egem,uniform,0,0.942,0.96,1.0,0.4,mnist-rgb-blur,50
egem,uniform,0,0.951,0.99,1.0,0.5,mnist-rgb-blur,50
egem,uniform,0,0.952,0.99,1.0,0.6,mnist-rgb-blur,50
egem,uniform,0,0.952,0.99,1.0,0.7,mnist-rgb-blur,50
egem,uniform,0,0.949,1.0,1.0,0.8,mnist-rgb-blur,50
egem,uniform,0,0.949,1.0,1.0,0.9,mnist-rgb-blur,50
egem,uniform,0,0.949,1.0,1.0,0.99,mnist-rgb-blur,50
egem,uniform,1,0.097,0.11,0.96,0.001,mnist-rgb-blur,50
egem,uniform,1,0.47,0.6,0.96,0.01,mnist-rgb-blur,50
egem,uniform,1,0.78,0.84,0.96,0.1,mnist-rgb-blur,50
egem,uniform,1,0.87,0.9,0.96,0.2,mnist-rgb-blur,50
egem,uniform,1,0.91,0.91,0.96,0.3,mnist-rgb-blur,50
egem,uniform,1,0.941,0.92,0.96,0.4,mnist-rgb-blur,50
egem,uniform,1,0.951,0.95,0.96,0.5,mnist-rgb-blur,50
egem,uniform,1,0.953,0.96,0.96,0.6,mnist-rgb-blur,50
egem,uniform,1,0.953,0.96,0.96,0.7,mnist-rgb-blur,50
egem,uniform,1,0.949,0.96,0.96,0.8,mnist-rgb-blur,50
egem,uniform,1,0.949,0.96,0.96,0.9,mnist-rgb-blur,50
egem,uniform,1,0.949,0.96,0.96,0.99,mnist-rgb-blur,50
egem,uniform,2,0.097,0.08,0.97,0.001,mnist-rgb-blur,50
egem,uniform,2,0.481,0.66,0.97,0.01,mnist-rgb-blur,50
egem,uniform,2,0.781,0.91,0.97,0.1,mnist-rgb-blur,50
egem,uniform,2,0.873,0.91,0.97,0.2,mnist-rgb-blur,50
egem,uniform,2,0.91,0.95,0.97,0.3,mnist-rgb-blur,50
egem,uniform,2,0.942,0.96,0.97,0.4,mnist-rgb-blur,50
egem,uniform,2,0.949,0.96,0.97,0.5,mnist-rgb-blur,50
egem,uniform,2,0.953,0.97,0.97,0.6,mnist-rgb-blur,50
egem,uniform,2,0.952,0.97,0.97,0.7,mnist-rgb-blur,50
egem,uniform,2,0.949,0.97,0.97,0.8,mnist-rgb-blur,50
egem,uniform,2,0.949,0.97,0.97,0.9,mnist-rgb-blur,50
egem,uniform,2,0.949,0.97,0.97,0.99,mnist-rgb-blur,50
egem,uniform,3,0.097,0.1,1.0,0.001,mnist-rgb-blur,50
egem,uniform,3,0.489,0.7,1.0,0.01,mnist-rgb-blur,50
egem,uniform,3,0.762,0.87,1.0,0.1,mnist-rgb-blur,50
egem,uniform,3,0.884,0.96,1.0,0.2,mnist-rgb-blur,50
egem,uniform,3,0.916,0.99,1.0,0.3,mnist-rgb-blur,50
egem,uniform,3,0.943,1.0,1.0,0.4,mnist-rgb-blur,50
egem,uniform,3,0.951,1.0,1.0,0.5,mnist-rgb-blur,50
egem,uniform,3,0.953,1.0,1.0,0.6,mnist-rgb-blur,50
egem,uniform,3,0.952,1.0,1.0,0.7,mnist-rgb-blur,50
egem,uniform,3,0.949,1.0,1.0,0.8,mnist-rgb-blur,50
egem,uniform,3,0.949,1.0,1.0,0.9,mnist-rgb-blur,50
egem,uniform,3,0.949,1.0,1.0,0.99,mnist-rgb-blur,50
egem,uniform,4,0.097,0.1,1.0,0.001,mnist-rgb-blur,50
egem,uniform,4,0.478,0.67,1.0,0.01,mnist-rgb-blur,50
egem,uniform,4,0.794,0.91,1.0,0.1,mnist-rgb-blur,50
egem,uniform,4,0.878,0.93,1.0,0.2,mnist-rgb-blur,50
egem,uniform,4,0.911,0.96,1.0,0.3,mnist-rgb-blur,50
egem,uniform,4,0.941,0.96,1.0,0.4,mnist-rgb-blur,50
egem,uniform,4,0.95,1.0,1.0,0.5,mnist-rgb-blur,50
egem,uniform,4,0.953,1.0,1.0,0.6,mnist-rgb-blur,50
egem,uniform,4,0.952,1.0,1.0,0.7,mnist-rgb-blur,50
egem,uniform,4,0.949,1.0,1.0,0.8,mnist-rgb-blur,50
egem,uniform,4,0.949,1.0,1.0,0.9,mnist-rgb-blur,50
egem,uniform,4,0.949,1.0,1.0,0.99,mnist-rgb-blur,50
pcaegem,uniform,0,0.112,0.08,1.0,0.001,mnist-rgb-blur,50
pcaegem,uniform,0,0.376,0.66,1.0,0.01,mnist-rgb-blur,50
pcaegem,uniform,0,0.952,0.97,1.0,0.1,mnist-rgb-blur,50
pcaegem,uniform,0,0.958,0.98,1.0,0.2,mnist-rgb-blur,50
pcaegem,uniform,0,0.961,0.99,1.0,0.3,mnist-rgb-blur,50
pcaegem,uniform,0,0.96,0.99,1.0,0.4,mnist-rgb-blur,50
pcaegem,uniform,0,0.958,0.99,1.0,0.5,mnist-rgb-blur,50
pcaegem,uniform,0,0.958,1.0,1.0,0.6,mnist-rgb-blur,50
pcaegem,uniform,0,0.958,1.0,1.0,0.7,mnist-rgb-blur,50
pcaegem,uniform,0,0.957,1.0,1.0,0.8,mnist-rgb-blur,50
pcaegem,uniform,0,0.957,1.0,1.0,0.9,mnist-rgb-blur,50
pcaegem,uniform,0,0.957,1.0,1.0,0.99,mnist-rgb-blur,50
pcaegem,uniform,1,0.112,0.08,0.98,0.001,mnist-rgb-blur,50
pcaegem,uniform,1,0.411,0.63,0.98,0.01,mnist-rgb-blur,50
pcaegem,uniform,1,0.953,0.98,0.98,0.1,mnist-rgb-blur,50
pcaegem,uniform,1,0.958,0.97,0.98,0.2,mnist-rgb-blur,50
pcaegem,uniform,1,0.959,0.97,0.98,0.3,mnist-rgb-blur,50
pcaegem,uniform,1,0.96,0.97,0.98,0.4,mnist-rgb-blur,50
pcaegem,uniform,1,0.959,0.97,0.98,0.5,mnist-rgb-blur,50
pcaegem,uniform,1,0.959,0.97,0.98,0.6,mnist-rgb-blur,50
pcaegem,uniform,1,0.958,0.97,0.98,0.7,mnist-rgb-blur,50
pcaegem,uniform,1,0.954,0.97,0.98,0.8,mnist-rgb-blur,50
pcaegem,uniform,1,0.954,0.97,0.98,0.9,mnist-rgb-blur,50
pcaegem,uniform,1,0.953,0.97,0.98,0.99,mnist-rgb-blur,50
pcaegem,uniform,2,0.112,0.08,0.99,0.001,mnist-rgb-blur,50
pcaegem,uniform,2,0.393,0.6,0.99,0.01,mnist-rgb-blur,50
pcaegem,uniform,2,0.95,0.98,0.99,0.1,mnist-rgb-blur,50
pcaegem,uniform,2,0.959,0.99,0.99,0.2,mnist-rgb-blur,50
pcaegem,uniform,2,0.958,0.99,0.99,0.3,mnist-rgb-blur,50
pcaegem,uniform,2,0.957,0.99,0.99,0.4,mnist-rgb-blur,50
pcaegem,uniform,2,0.958,0.99,0.99,0.5,mnist-rgb-blur,50
pcaegem,uniform,2,0.958,0.99,0.99,0.6,mnist-rgb-blur,50
pcaegem,uniform,2,0.953,0.99,0.99,0.7,mnist-rgb-blur,50
pcaegem,uniform,2,0.953,0.99,0.99,0.8,mnist-rgb-blur,50
pcaegem,uniform,2,0.952,0.99,0.99,0.9,mnist-rgb-blur,50
pcaegem,uniform,2,0.951,0.99,0.99,0.99,mnist-rgb-blur,50
pcaegem,uniform,3,0.112,0.07,1.0,0.001,mnist-rgb-blur,50
pcaegem,uniform,3,0.392,0.68,1.0,0.01,mnist-rgb-blur,50
pcaegem,uniform,3,0.949,0.97,1.0,0.1,mnist-rgb-blur,50
pcaegem,uniform,3,0.957,0.98,1.0,0.2,mnist-rgb-blur,50
pcaegem,uniform,3,0.96,0.99,1.0,0.3,mnist-rgb-blur,50
pcaegem,uniform,3,0.957,0.99,1.0,0.4,mnist-rgb-blur,50
pcaegem,uniform,3,0.957,1.0,1.0,0.5,mnist-rgb-blur,50
pcaegem,uniform,3,0.958,1.0,1.0,0.6,mnist-rgb-blur,50
pcaegem,uniform,3,0.956,1.0,1.0,0.7,mnist-rgb-blur,50
pcaegem,uniform,3,0.956,1.0,1.0,0.8,mnist-rgb-blur,50
pcaegem,uniform,3,0.956,1.0,1.0,0.9,mnist-rgb-blur,50
pcaegem,uniform,3,0.959,0.99,1.0,0.99,mnist-rgb-blur,50
pcaegem,uniform,4,0.112,0.09,0.98,0.001,mnist-rgb-blur,50
pcaegem,uniform,4,0.339,0.69,0.98,0.01,mnist-rgb-blur,50
pcaegem,uniform,4,0.945,0.97,0.98,0.1,mnist-rgb-blur,50
pcaegem,uniform,4,0.953,0.98,0.98,0.2,mnist-rgb-blur,50
pcaegem,uniform,4,0.956,0.99,0.98,0.3,mnist-rgb-blur,50
pcaegem,uniform,4,0.954,0.99,0.98,0.4,mnist-rgb-blur,50
pcaegem,uniform,4,0.957,0.98,0.98,0.5,mnist-rgb-blur,50
pcaegem,uniform,4,0.957,0.98,0.98,0.6,mnist-rgb-blur,50
pcaegem,uniform,4,0.955,0.98,0.98,0.7,mnist-rgb-blur,50
pcaegem,uniform,4,0.954,0.98,0.98,0.8,mnist-rgb-blur,50
pcaegem,uniform,4,0.956,0.98,0.98,0.9,mnist-rgb-blur,50
pcaegem,uniform,4,0.956,0.98,0.98,0.99,mnist-rgb-blur,50
egem,none,0,0.097,0.07,1.0,0.001,mnist-rgb-blur,50
egem,none,0,0.637,0.6,1.0,0.01,mnist-rgb-blur,50
egem,none,0,0.884,0.85,1.0,0.1,mnist-rgb-blur,50
egem,none,0,0.932,0.92,1.0,0.2,mnist-rgb-blur,50
egem,none,0,0.956,0.94,1.0,0.3,mnist-rgb-blur,50
egem,none,0,0.97,0.96,1.0,0.4,mnist-rgb-blur,50
egem,none,0,0.977,0.99,1.0,0.5,mnist-rgb-blur,50
egem,none,0,0.982,0.99,1.0,0.6,mnist-rgb-blur,50
egem,none,0,0.982,0.99,1.0,0.7,mnist-rgb-blur,50
egem,none,0,0.982,1.0,1.0,0.8,mnist-rgb-blur,50
egem,none,0,0.982,1.0,1.0,0.9,mnist-rgb-blur,50
egem,none,0,0.982,1.0,1.0,0.99,mnist-rgb-blur,50
egem,none,1,0.097,0.11,0.96,0.001,mnist-rgb-blur,50
egem,none,1,0.651,0.6,0.96,0.01,mnist-rgb-blur,50
egem,none,1,0.891,0.84,0.96,0.1,mnist-rgb-blur,50
egem,none,1,0.931,0.9,0.96,0.2,mnist-rgb-blur,50
egem,none,1,0.958,0.91,0.96,0.3,mnist-rgb-blur,50
egem,none,1,0.97,0.92,0.96,0.4,mnist-rgb-blur,50
egem,none,1,0.977,0.95,0.96,0.5,mnist-rgb-blur,50
egem,none,1,0.983,0.96,0.96,0.6,mnist-rgb-blur,50
egem,none,1,0.983,0.96,0.96,0.7,mnist-rgb-blur,50
egem,none,1,0.982,0.96,0.96,0.8,mnist-rgb-blur,50
egem,none,1,0.982,0.96,0.96,0.9,mnist-rgb-blur,50
egem,none,1,0.982,0.96,0.96,0.99,mnist-rgb-blur,50
egem,none,2,0.097,0.08,0.97,0.001,mnist-rgb-blur,50
egem,none,2,0.647,0.66,0.97,0.01,mnist-rgb-blur,50
egem,none,2,0.893,0.91,0.97,0.1,mnist-rgb-blur,50
egem,none,2,0.93,0.91,0.97,0.2,mnist-rgb-blur,50
egem,none,2,0.958,0.95,0.97,0.3,mnist-rgb-blur,50
egem,none,2,0.97,0.96,0.97,0.4,mnist-rgb-blur,50
egem,none,2,0.977,0.96,0.97,0.5,mnist-rgb-blur,50
egem,none,2,0.982,0.97,0.97,0.6,mnist-rgb-blur,50
egem,none,2,0.982,0.97,0.97,0.7,mnist-rgb-blur,50
egem,none,2,0.982,0.97,0.97,0.8,mnist-rgb-blur,50
egem,none,2,0.982,0.97,0.97,0.9,mnist-rgb-blur,50
egem,none,2,0.982,0.97,0.97,0.99,mnist-rgb-blur,50
egem,none,3,0.097,0.1,1.0,0.001,mnist-rgb-blur,50
egem,none,3,0.662,0.7,1.0,0.01,mnist-rgb-blur,50
egem,none,3,0.875,0.87,1.0,0.1,mnist-rgb-blur,50
egem,none,3,0.935,0.96,1.0,0.2,mnist-rgb-blur,50
egem,none,3,0.962,0.99,1.0,0.3,mnist-rgb-blur,50
egem,none,3,0.97,1.0,1.0,0.4,mnist-rgb-blur,50
egem,none,3,0.977,1.0,1.0,0.5,mnist-rgb-blur,50
egem,none,3,0.981,1.0,1.0,0.6,mnist-rgb-blur,50
egem,none,3,0.982,1.0,1.0,0.7,mnist-rgb-blur,50
egem,none,3,0.982,1.0,1.0,0.8,mnist-rgb-blur,50
egem,none,3,0.982,1.0,1.0,0.9,mnist-rgb-blur,50
egem,none,3,0.982,1.0,1.0,0.99,mnist-rgb-blur,50
egem,none,4,0.097,0.1,1.0,0.001,mnist-rgb-blur,50
egem,none,4,0.638,0.67,1.0,0.01,mnist-rgb-blur,50
egem,none,4,0.89,0.91,1.0,0.1,mnist-rgb-blur,50
egem,none,4,0.932,0.93,1.0,0.2,mnist-rgb-blur,50
egem,none,4,0.958,0.96,1.0,0.3,mnist-rgb-blur,50
egem,none,4,0.97,0.96,1.0,0.4,mnist-rgb-blur,50
egem,none,4,0.977,1.0,1.0,0.5,mnist-rgb-blur,50
egem,none,4,0.982,1.0,1.0,0.6,mnist-rgb-blur,50
egem,none,4,0.982,1.0,1.0,0.7,mnist-rgb-blur,50
egem,none,4,0.982,1.0,1.0,0.8,mnist-rgb-blur,50
egem,none,4,0.982,1.0,1.0,0.9,mnist-rgb-blur,50
egem,none,4,0.982,1.0,1.0,0.99,mnist-rgb-blur,50
pcaegem,none,0,0.112,0.08,1.0,0.001,mnist-rgb-blur,50
pcaegem,none,0,0.67,0.66,1.0,0.01,mnist-rgb-blur,50
pcaegem,none,0,0.969,0.97,1.0,0.1,mnist-rgb-blur,50
pcaegem,none,0,0.978,0.98,1.0,0.2,mnist-rgb-blur,50
pcaegem,none,0,0.978,0.99,1.0,0.3,mnist-rgb-blur,50
pcaegem,none,0,0.98,0.99,1.0,0.4,mnist-rgb-blur,50
pcaegem,none,0,0.982,0.99,1.0,0.5,mnist-rgb-blur,50
pcaegem,none,0,0.982,1.0,1.0,0.6,mnist-rgb-blur,50
pcaegem,none,0,0.984,1.0,1.0,0.7,mnist-rgb-blur,50
pcaegem,none,0,0.984,1.0,1.0,0.8,mnist-rgb-blur,50
pcaegem,none,0,0.984,1.0,1.0,0.9,mnist-rgb-blur,50
pcaegem,none,0,0.984,1.0,1.0,0.99,mnist-rgb-blur,50
pcaegem,none,1,0.112,0.08,0.98,0.001,mnist-rgb-blur,50
pcaegem,none,1,0.674,0.63,0.98,0.01,mnist-rgb-blur,50
pcaegem,none,1,0.968,0.98,0.98,0.1,mnist-rgb-blur,50
pcaegem,none,1,0.971,0.97,0.98,0.2,mnist-rgb-blur,50
pcaegem,none,1,0.973,0.97,0.98,0.3,mnist-rgb-blur,50
pcaegem,none,1,0.976,0.97,0.98,0.4,mnist-rgb-blur,50
pcaegem,none,1,0.979,0.97,0.98,0.5,mnist-rgb-blur,50
pcaegem,none,1,0.979,0.97,0.98,0.6,mnist-rgb-blur,50
pcaegem,none,1,0.981,0.97,0.98,0.7,mnist-rgb-blur,50
pcaegem,none,1,0.981,0.97,0.98,0.8,mnist-rgb-blur,50
pcaegem,none,1,0.982,0.97,0.98,0.9,mnist-rgb-blur,50
pcaegem,none,1,0.982,0.97,0.98,0.99,mnist-rgb-blur,50
pcaegem,none,2,0.112,0.08,0.99,0.001,mnist-rgb-blur,50
pcaegem,none,2,0.654,0.6,0.99,0.01,mnist-rgb-blur,50
pcaegem,none,2,0.965,0.98,0.99,0.1,mnist-rgb-blur,50
pcaegem,none,2,0.973,0.99,0.99,0.2,mnist-rgb-blur,50
pcaegem,none,2,0.978,0.99,0.99,0.3,mnist-rgb-blur,50
pcaegem,none,2,0.98,0.99,0.99,0.4,mnist-rgb-blur,50
pcaegem,none,2,0.98,0.99,0.99,0.5,mnist-rgb-blur,50
pcaegem,none,2,0.981,0.99,0.99,0.6,mnist-rgb-blur,50
pcaegem,none,2,0.982,0.99,0.99,0.7,mnist-rgb-blur,50
pcaegem,none,2,0.983,0.99,0.99,0.8,mnist-rgb-blur,50
pcaegem,none,2,0.983,0.99,0.99,0.9,mnist-rgb-blur,50
pcaegem,none,2,0.983,0.99,0.99,0.99,mnist-rgb-blur,50
pcaegem,none,3,0.112,0.07,1.0,0.001,mnist-rgb-blur,50
pcaegem,none,3,0.687,0.68,1.0,0.01,mnist-rgb-blur,50
pcaegem,none,3,0.968,0.97,1.0,0.1,mnist-rgb-blur,50
pcaegem,none,3,0.977,0.98,1.0,0.2,mnist-rgb-blur,50
pcaegem,none,3,0.977,0.99,1.0,0.3,mnist-rgb-blur,50
pcaegem,none,3,0.977,0.99,1.0,0.4,mnist-rgb-blur,50
pcaegem,none,3,0.979,1.0,1.0,0.5,mnist-rgb-blur,50
pcaegem,none,3,0.979,1.0,1.0,0.6,mnist-rgb-blur,50
pcaegem,none,3,0.98,1.0,1.0,0.7,mnist-rgb-blur,50
pcaegem,none,3,0.983,1.0,1.0,0.8,mnist-rgb-blur,50
pcaegem,none,3,0.982,1.0,1.0,0.9,mnist-rgb-blur,50
pcaegem,none,3,0.981,0.99,1.0,0.99,mnist-rgb-blur,50
pcaegem,none,4,0.112,0.09,0.98,0.001,mnist-rgb-blur,50
pcaegem,none,4,0.663,0.69,0.98,0.01,mnist-rgb-blur,50
pcaegem,none,4,0.972,0.97,0.98,0.1,mnist-rgb-blur,50
pcaegem,none,4,0.978,0.98,0.98,0.2,mnist-rgb-blur,50
pcaegem,none,4,0.982,0.99,0.98,0.3,mnist-rgb-blur,50
pcaegem,none,4,0.982,0.99,0.98,0.4,mnist-rgb-blur,50
pcaegem,none,4,0.981,0.98,0.98,0.5,mnist-rgb-blur,50
pcaegem,none,4,0.982,0.98,0.98,0.6,mnist-rgb-blur,50
pcaegem,none,4,0.984,0.98,0.98,0.7,mnist-rgb-blur,50
pcaegem,none,4,0.984,0.98,0.98,0.8,mnist-rgb-blur,50
pcaegem,none,4,0.984,0.98,0.98,0.9,mnist-rgb-blur,50
pcaegem,none,4,0.985,0.98,0.98,0.99,mnist-rgb-blur,50
none,uniform,0,0.949,1.0,,,mnist-rgb-blur,50
none,uniform,1,0.949,1.0,,,mnist-rgb-blur,50
none,uniform,2,0.949,0.99,,,mnist-rgb-blur,50
none,uniform,3,0.949,0.99,,,mnist-rgb-blur,50
none,uniform,4,0.949,0.98,,,mnist-rgb-blur,50
none,none,0,0.982,1.0,,,mnist-rgb-blur,50
none,none,1,0.982,1.0,,,mnist-rgb-blur,50
none,none,2,0.982,0.99,,,mnist-rgb-blur,50
none,none,3,0.982,0.99,,,mnist-rgb-blur,50
none,none,4,0.982,0.98,,,mnist-rgb-blur,50
pcaegem,none,0,0.097,0.07,0.96,0.001,mnist-rgb-color,50
pcaegem,none,0,0.151,0.14,0.96,0.01,mnist-rgb-color,50
pcaegem,none,0,0.929,0.92,0.96,0.1,mnist-rgb-color,50
pcaegem,none,0,0.946,0.95,0.96,0.2,mnist-rgb-color,50
pcaegem,none,0,0.954,0.95,0.96,0.3,mnist-rgb-color,50
pcaegem,none,0,0.961,0.95,0.96,0.4,mnist-rgb-color,50
pcaegem,none,0,0.96,0.96,0.96,0.5,mnist-rgb-color,50
pcaegem,none,0,0.96,0.96,0.96,0.6,mnist-rgb-color,50
pcaegem,none,0,0.961,0.96,0.96,0.7,mnist-rgb-color,50
pcaegem,none,0,0.961,0.96,0.96,0.8,mnist-rgb-color,50
pcaegem,none,0,0.963,0.96,0.96,0.9,mnist-rgb-color,50
pcaegem,none,0,0.963,0.96,0.96,0.99,mnist-rgb-color,50
pcaegem,none,1,0.097,0.12,0.96,0.001,mnist-rgb-color,50
pcaegem,none,1,0.176,0.17,0.96,0.01,mnist-rgb-color,50
pcaegem,none,1,0.923,0.96,0.96,0.1,mnist-rgb-color,50
pcaegem,none,1,0.951,0.97,0.96,0.2,mnist-rgb-color,50
pcaegem,none,1,0.956,0.97,0.96,0.3,mnist-rgb-color,50
pcaegem,none,1,0.956,0.97,0.96,0.4,mnist-rgb-color,50
pcaegem,none,1,0.959,0.97,0.96,0.5,mnist-rgb-color,50
pcaegem,none,1,0.961,0.98,0.96,0.6,mnist-rgb-color,50
pcaegem,none,1,0.961,0.98,0.96,0.7,mnist-rgb-color,50
pcaegem,none,1,0.963,0.98,0.96,0.8,mnist-rgb-color,50
pcaegem,none,1,0.963,0.98,0.96,0.9,mnist-rgb-color,50
pcaegem,none,1,0.962,0.98,0.96,0.99,mnist-rgb-color,50
pcaegem,none,2,0.097,0.12,0.96,0.001,mnist-rgb-color,50
pcaegem,none,2,0.171,0.18,0.96,0.01,mnist-rgb-color,50
pcaegem,none,2,0.936,0.96,0.96,0.1,mnist-rgb-color,50
pcaegem,none,2,0.943,0.96,0.96,0.2,mnist-rgb-color,50
pcaegem,none,2,0.952,0.96,0.96,0.3,mnist-rgb-color,50
pcaegem,none,2,0.957,0.96,0.96,0.4,mnist-rgb-color,50
pcaegem,none,2,0.961,0.96,0.96,0.5,mnist-rgb-color,50
pcaegem,none,2,0.963,0.96,0.96,0.6,mnist-rgb-color,50
pcaegem,none,2,0.962,0.96,0.96,0.7,mnist-rgb-color,50
pcaegem,none,2,0.961,0.96,0.96,0.8,mnist-rgb-color,50
pcaegem,none,2,0.959,0.96,0.96,0.9,mnist-rgb-color,50
pcaegem,none,2,0.96,0.96,0.96,0.99,mnist-rgb-color,50
pcaegem,none,3,0.097,0.08,0.92,0.001,mnist-rgb-color,50
pcaegem,none,3,0.166,0.12,0.92,0.01,mnist-rgb-color,50
pcaegem,none,3,0.924,0.93,0.92,0.1,mnist-rgb-color,50
pcaegem,none,3,0.947,0.94,0.92,0.2,mnist-rgb-color,50
pcaegem,none,3,0.951,0.94,0.92,0.3,mnist-rgb-color,50
pcaegem,none,3,0.954,0.94,0.92,0.4,mnist-rgb-color,50
pcaegem,none,3,0.96,0.94,0.92,0.5,mnist-rgb-color,50
pcaegem,none,3,0.961,0.94,0.92,0.6,mnist-rgb-color,50
pcaegem,none,3,0.961,0.93,0.92,0.7,mnist-rgb-color,50
pcaegem,none,3,0.962,0.93,0.92,0.8,mnist-rgb-color,50
pcaegem,none,3,0.963,0.93,0.92,0.9,mnist-rgb-color,50
pcaegem,none,3,0.962,0.93,0.92,0.99,mnist-rgb-color,50
pcaegem,none,4,0.097,0.04,0.94,0.001,mnist-rgb-color,50
pcaegem,none,4,0.151,0.08,0.94,0.01,mnist-rgb-color,50
pcaegem,none,4,0.929,0.91,0.94,0.1,mnist-rgb-color,50
pcaegem,none,4,0.944,0.91,0.94,0.2,mnist-rgb-color,50
pcaegem,none,4,0.949,0.91,0.94,0.3,mnist-rgb-color,50
pcaegem,none,4,0.952,0.92,0.94,0.4,mnist-rgb-color,50
pcaegem,none,4,0.959,0.92,0.94,0.5,mnist-rgb-color,50
pcaegem,none,4,0.961,0.93,0.94,0.6,mnist-rgb-color,50
pcaegem,none,4,0.96,0.93,0.94,0.7,mnist-rgb-color,50
pcaegem,none,4,0.962,0.93,0.94,0.8,mnist-rgb-color,50
pcaegem,none,4,0.962,0.94,0.94,0.9,mnist-rgb-color,50
pcaegem,none,4,0.961,0.94,0.94,0.99,mnist-rgb-color,50
egem,uniform,0,0.232,0.18,0.96,0.001,mnist-rgb-color,50
egem,uniform,0,0.2,0.29,0.96,0.01,mnist-rgb-color,50
egem,uniform,0,0.408,0.56,0.96,0.1,mnist-rgb-color,50
egem,uniform,0,0.518,0.68,0.96,0.2,mnist-rgb-color,50
egem,uniform,0,0.618,0.81,0.96,0.3,mnist-rgb-color,50
egem,uniform,0,0.772,0.9,0.96,0.4,mnist-rgb-color,50
egem,uniform,0,0.856,0.92,0.96,0.5,mnist-rgb-color,50
egem,uniform,0,0.883,0.95,0.96,0.6,mnist-rgb-color,50
egem,uniform,0,0.891,0.95,0.96,0.7,mnist-rgb-color,50
egem,uniform,0,0.897,0.95,0.96,0.8,mnist-rgb-color,50
egem,uniform,0,0.904,0.95,0.96,0.9,mnist-rgb-color,50
egem,uniform,0,0.903,0.96,0.96,0.99,mnist-rgb-color,50
egem,uniform,1,0.231,0.27,0.91,0.001,mnist-rgb-color,50
egem,uniform,1,0.21,0.37,0.91,0.01,mnist-rgb-color,50
egem,uniform,1,0.331,0.49,0.91,0.1,mnist-rgb-color,50
egem,uniform,1,0.53,0.64,0.91,0.2,mnist-rgb-color,50
egem,uniform,1,0.632,0.75,0.91,0.3,mnist-rgb-color,50
egem,uniform,1,0.772,0.84,0.91,0.4,mnist-rgb-color,50
egem,uniform,1,0.857,0.89,0.91,0.5,mnist-rgb-color,50
egem,uniform,1,0.883,0.9,0.91,0.6,mnist-rgb-color,50
egem,uniform,1,0.892,0.91,0.91,0.7,mnist-rgb-color,50
egem,uniform,1,0.896,0.91,0.91,0.8,mnist-rgb-color,50
egem,uniform,1,0.904,0.91,0.91,0.9,mnist-rgb-color,50
egem,uniform,1,0.903,0.91,0.91,0.99,mnist-rgb-color,50
egem,uniform,2,0.229,0.17,0.97,0.001,mnist-rgb-color,50
egem,uniform,2,0.201,0.23,0.97,0.01,mnist-rgb-color,50
egem,uniform,2,0.407,0.57,0.97,0.1,mnist-rgb-color,50
egem,uniform,2,0.523,0.67,0.97,0.2,mnist-rgb-color,50
egem,uniform,2,0.638,0.76,0.97,0.3,mnist-rgb-color,50
egem,uniform,2,0.779,0.91,0.97,0.4,mnist-rgb-color,50
egem,uniform,2,0.858,0.95,0.97,0.5,mnist-rgb-color,50
egem,uniform,2,0.883,0.97,0.97,0.6,mnist-rgb-color,50
egem,uniform,2,0.893,0.97,0.97,0.7,mnist-rgb-color,50
egem,uniform,2,0.899,0.97,0.97,0.8,mnist-rgb-color,50
egem,uniform,2,0.904,0.97,0.97,0.9,mnist-rgb-color,50
egem,uniform,2,0.903,0.97,0.97,0.99,mnist-rgb-color,50
egem,uniform,3,0.233,0.24,0.94,0.001,mnist-rgb-color,50
egem,uniform,3,0.201,0.26,0.94,0.01,mnist-rgb-color,50
egem,uniform,3,0.339,0.48,0.94,0.1,mnist-rgb-color,50
egem,uniform,3,0.532,0.65,0.94,0.2,mnist-rgb-color,50
egem,uniform,3,0.637,0.78,0.94,0.3,mnist-rgb-color,50
egem,uniform,3,0.784,0.9,0.94,0.4,mnist-rgb-color,50
egem,uniform,3,0.859,0.93,0.94,0.5,mnist-rgb-color,50
egem,uniform,3,0.882,0.93,0.94,0.6,mnist-rgb-color,50
egem,uniform,3,0.891,0.94,0.94,0.7,mnist-rgb-color,50
egem,uniform,3,0.897,0.94,0.94,0.8,mnist-rgb-color,50
egem,uniform,3,0.904,0.94,0.94,0.9,mnist-rgb-color,50
egem,uniform,3,0.903,0.94,0.94,0.99,mnist-rgb-color,50
egem,uniform,4,0.225,0.18,0.95,0.001,mnist-rgb-color,50
egem,uniform,4,0.205,0.26,0.95,0.01,mnist-rgb-color,50
egem,uniform,4,0.412,0.61,0.95,0.1,mnist-rgb-color,50
egem,uniform,4,0.521,0.75,0.95,0.2,mnist-rgb-color,50
egem,uniform,4,0.633,0.86,0.95,0.3,mnist-rgb-color,50
egem,uniform,4,0.778,0.91,0.95,0.4,mnist-rgb-color,50
egem,uniform,4,0.859,0.94,0.95,0.5,mnist-rgb-color,50
egem,uniform,4,0.883,0.95,0.95,0.6,mnist-rgb-color,50
egem,uniform,4,0.891,0.95,0.95,0.7,mnist-rgb-color,50
egem,uniform,4,0.897,0.95,0.95,0.8,mnist-rgb-color,50
egem,uniform,4,0.904,0.95,0.95,0.9,mnist-rgb-color,50
egem,uniform,4,0.904,0.95,0.95,0.99,mnist-rgb-color,50
egem,none,0,0.226,0.18,0.96,0.001,mnist-rgb-color,50
egem,none,0,0.321,0.29,0.96,0.01,mnist-rgb-color,50
egem,none,0,0.572,0.56,0.96,0.1,mnist-rgb-color,50
egem,none,0,0.688,0.68,0.96,0.2,mnist-rgb-color,50
egem,none,0,0.781,0.81,0.96,0.3,mnist-rgb-color,50
egem,none,0,0.899,0.9,0.96,0.4,mnist-rgb-color,50
egem,none,0,0.937,0.92,0.96,0.5,mnist-rgb-color,50
egem,none,0,0.958,0.95,0.96,0.6,mnist-rgb-color,50
egem,none,0,0.959,0.95,0.96,0.7,mnist-rgb-color,50
egem,none,0,0.96,0.95,0.96,0.8,mnist-rgb-color,50
egem,none,0,0.961,0.95,0.96,0.9,mnist-rgb-color,50
egem,none,0,0.961,0.96,0.96,0.99,mnist-rgb-color,50
egem,none,1,0.226,0.27,0.91,0.001,mnist-rgb-color,50
egem,none,1,0.331,0.37,0.91,0.01,mnist-rgb-color,50
egem,none,1,0.493,0.49,0.91,0.1,mnist-rgb-color,50
egem,none,1,0.695,0.64,0.91,0.2,mnist-rgb-color,50
egem,none,1,0.804,0.75,0.91,0.3,mnist-rgb-color,50
egem,none,1,0.901,0.84,0.91,0.4,mnist-rgb-color,50
egem,none,1,0.939,0.89,0.91,0.5,mnist-rgb-color,50
egem,none,1,0.958,0.9,0.91,0.6,mnist-rgb-color,50
egem,none,1,0.96,0.91,0.91,0.7,mnist-rgb-color,50
egem,none,1,0.96,0.91,0.91,0.8,mnist-rgb-color,50
egem,none,1,0.961,0.91,0.91,0.9,mnist-rgb-color,50
egem,none,1,0.961,0.91,0.91,0.99,mnist-rgb-color,50
egem,none,2,0.22,0.17,0.97,0.001,mnist-rgb-color,50
egem,none,2,0.31,0.23,0.97,0.01,mnist-rgb-color,50
egem,none,2,0.572,0.57,0.97,0.1,mnist-rgb-color,50
egem,none,2,0.702,0.67,0.97,0.2,mnist-rgb-color,50
egem,none,2,0.808,0.76,0.97,0.3,mnist-rgb-color,50
egem,none,2,0.901,0.91,0.97,0.4,mnist-rgb-color,50
egem,none,2,0.939,0.95,0.97,0.5,mnist-rgb-color,50
egem,none,2,0.957,0.97,0.97,0.6,mnist-rgb-color,50
egem,none,2,0.959,0.97,0.97,0.7,mnist-rgb-color,50
egem,none,2,0.96,0.97,0.97,0.8,mnist-rgb-color,50
egem,none,2,0.961,0.97,0.97,0.9,mnist-rgb-color,50
egem,none,2,0.961,0.97,0.97,0.99,mnist-rgb-color,50
egem,none,3,0.228,0.24,0.94,0.001,mnist-rgb-color,50
egem,none,3,0.307,0.26,0.94,0.01,mnist-rgb-color,50
egem,none,3,0.496,0.48,0.94,0.1,mnist-rgb-color,50
egem,none,3,0.705,0.65,0.94,0.2,mnist-rgb-color,50
egem,none,3,0.816,0.78,0.94,0.3,mnist-rgb-color,50
egem,none,3,0.904,0.9,0.94,0.4,mnist-rgb-color,50
egem,none,3,0.936,0.93,0.94,0.5,mnist-rgb-color,50
egem,none,3,0.956,0.93,0.94,0.6,mnist-rgb-color,50
egem,none,3,0.96,0.94,0.94,0.7,mnist-rgb-color,50
egem,none,3,0.96,0.94,0.94,0.8,mnist-rgb-color,50
egem,none,3,0.961,0.94,0.94,0.9,mnist-rgb-color,50
egem,none,3,0.961,0.94,0.94,0.99,mnist-rgb-color,50
egem,none,4,0.217,0.18,0.95,0.001,mnist-rgb-color,50
egem,none,4,0.321,0.26,0.95,0.01,mnist-rgb-color,50
egem,none,4,0.577,0.61,0.95,0.1,mnist-rgb-color,50
egem,none,4,0.693,0.75,0.95,0.2,mnist-rgb-color,50
egem,none,4,0.804,0.86,0.95,0.3,mnist-rgb-color,50
egem,none,4,0.904,0.91,0.95,0.4,mnist-rgb-color,50
egem,none,4,0.938,0.94,0.95,0.5,mnist-rgb-color,50
egem,none,4,0.957,0.95,0.95,0.6,mnist-rgb-color,50
egem,none,4,0.959,0.95,0.95,0.7,mnist-rgb-color,50
egem,none,4,0.96,0.95,0.95,0.8,mnist-rgb-color,50
egem,none,4,0.961,0.95,0.95,0.9,mnist-rgb-color,50
egem,none,4,0.961,0.95,0.95,0.99,mnist-rgb-color,50
none,none,0,0.961,0.96,,,mnist-rgb-color,50
none,none,1,0.961,0.94,,,mnist-rgb-color,50
none,none,2,0.961,0.98,,,mnist-rgb-color,50
none,none,3,0.961,0.91,,,mnist-rgb-color,50
none,none,4,0.961,0.95,,,mnist-rgb-color,50
none,uniform,0,0.903,0.96,,,mnist-rgb-color,50
none,uniform,1,0.903,0.94,,,mnist-rgb-color,50
none,uniform,2,0.903,0.98,,,mnist-rgb-color,50
none,uniform,3,0.903,0.91,,,mnist-rgb-color,50
none,uniform,4,0.903,0.95,,,mnist-rgb-color,50
pcaegem,uniform,0,0.097,0.07,0.96,0.001,mnist-rgb-color,50
pcaegem,uniform,0,0.128,0.14,0.96,0.01,mnist-rgb-color,50
pcaegem,uniform,0,0.879,0.92,0.96,0.1,mnist-rgb-color,50
pcaegem,uniform,0,0.909,0.95,0.96,0.2,mnist-rgb-color,50
pcaegem,uniform,0,0.909,0.95,0.96,0.3,mnist-rgb-color,50
pcaegem,uniform,0,0.912,0.95,0.96,0.4,mnist-rgb-color,50
pcaegem,uniform,0,0.909,0.96,0.96,0.5,mnist-rgb-color,50
pcaegem,uniform,0,0.91,0.96,0.96,0.6,mnist-rgb-color,50
pcaegem,uniform,0,0.91,0.96,0.96,0.7,mnist-rgb-color,50
pcaegem,uniform,0,0.909,0.96,0.96,0.8,mnist-rgb-color,50
pcaegem,uniform,0,0.907,0.96,0.96,0.9,mnist-rgb-color,50
pcaegem,uniform,0,0.906,0.96,0.96,0.99,mnist-rgb-color,50
pcaegem,uniform,1,0.097,0.12,0.96,0.001,mnist-rgb-color,50
pcaegem,uniform,1,0.14,0.17,0.96,0.01,mnist-rgb-color,50
pcaegem,uniform,1,0.875,0.96,0.96,0.1,mnist-rgb-color,50
pcaegem,uniform,1,0.904,0.97,0.96,0.2,mnist-rgb-color,50
pcaegem,uniform,1,0.903,0.97,0.96,0.3,mnist-rgb-color,50
pcaegem,uniform,1,0.905,0.97,0.96,0.4,mnist-rgb-color,50
pcaegem,uniform,1,0.907,0.97,0.96,0.5,mnist-rgb-color,50
pcaegem,uniform,1,0.909,0.98,0.96,0.6,mnist-rgb-color,50
pcaegem,uniform,1,0.909,0.98,0.96,0.7,mnist-rgb-color,50
pcaegem,uniform,1,0.908,0.98,0.96,0.8,mnist-rgb-color,50
pcaegem,uniform,1,0.908,0.98,0.96,0.9,mnist-rgb-color,50
pcaegem,uniform,1,0.907,0.98,0.96,0.99,mnist-rgb-color,50
pcaegem,uniform,2,0.097,0.12,0.96,0.001,mnist-rgb-color,50
pcaegem,uniform,2,0.132,0.18,0.96,0.01,mnist-rgb-color,50
pcaegem,uniform,2,0.89,0.96,0.96,0.1,mnist-rgb-color,50
pcaegem,uniform,2,0.908,0.96,0.96,0.2,mnist-rgb-color,50
pcaegem,uniform,2,0.906,0.96,0.96,0.3,mnist-rgb-color,50
pcaegem,uniform,2,0.907,0.96,0.96,0.4,mnist-rgb-color,50
pcaegem,uniform,2,0.904,0.96,0.96,0.5,mnist-rgb-color,50
pcaegem,uniform,2,0.908,0.96,0.96,0.6,mnist-rgb-color,50
pcaegem,uniform,2,0.909,0.96,0.96,0.7,mnist-rgb-color,50
pcaegem,uniform,2,0.906,0.96,0.96,0.8,mnist-rgb-color,50
pcaegem,uniform,2,0.904,0.96,0.96,0.9,mnist-rgb-color,50
pcaegem,uniform,2,0.905,0.96,0.96,0.99,mnist-rgb-color,50
pcaegem,uniform,3,0.097,0.08,0.92,0.001,mnist-rgb-color,50
pcaegem,uniform,3,0.135,0.12,0.92,0.01,mnist-rgb-color,50
pcaegem,uniform,3,0.87,0.93,0.92,0.1,mnist-rgb-color,50
pcaegem,uniform,3,0.901,0.94,0.92,0.2,mnist-rgb-color,50
pcaegem,uniform,3,0.903,0.94,0.92,0.3,mnist-rgb-color,50
pcaegem,uniform,3,0.904,0.94,0.92,0.4,mnist-rgb-color,50
pcaegem,uniform,3,0.904,0.94,0.92,0.5,mnist-rgb-color,50
pcaegem,uniform,3,0.905,0.94,0.92,0.6,mnist-rgb-color,50
pcaegem,uniform,3,0.905,0.93,0.92,0.7,mnist-rgb-color,50
pcaegem,uniform,3,0.906,0.93,0.92,0.8,mnist-rgb-color,50
pcaegem,uniform,3,0.904,0.93,0.92,0.9,mnist-rgb-color,50
pcaegem,uniform,3,0.903,0.93,0.92,0.99,mnist-rgb-color,50
pcaegem,uniform,4,0.097,0.04,0.94,0.001,mnist-rgb-color,50
pcaegem,uniform,4,0.123,0.08,0.94,0.01,mnist-rgb-color,50
pcaegem,uniform,4,0.88,0.91,0.94,0.1,mnist-rgb-color,50
pcaegem,uniform,4,0.898,0.91,0.94,0.2,mnist-rgb-color,50
pcaegem,uniform,4,0.902,0.91,0.94,0.3,mnist-rgb-color,50
pcaegem,uniform,4,0.904,0.92,0.94,0.4,mnist-rgb-color,50
pcaegem,uniform,4,0.905,0.92,0.94,0.5,mnist-rgb-color,50
pcaegem,uniform,4,0.907,0.93,0.94,0.6,mnist-rgb-color,50
pcaegem,uniform,4,0.907,0.93,0.94,0.7,mnist-rgb-color,50
pcaegem,uniform,4,0.907,0.93,0.94,0.8,mnist-rgb-color,50
pcaegem,uniform,4,0.909,0.94,0.94,0.9,mnist-rgb-color,50
pcaegem,uniform,4,0.909,0.94,0.94,0.99,mnist-rgb-color,50
none,none,0,0.988,1.0,,,mnist-rgb-remove,50
none,none,1,0.988,1.0,,,mnist-rgb-remove,50
none,none,2,0.988,0.99,,,mnist-rgb-remove,50
none,none,3,0.988,0.99,,,mnist-rgb-remove,50
none,none,4,0.988,0.99,,,mnist-rgb-remove,50
pcaegem,none,0,0.308,0.24,1.0,0.001,mnist-rgb-remove,50
pcaegem,none,0,0.92,0.91,1.0,0.01,mnist-rgb-remove,50
pcaegem,none,0,0.976,0.98,1.0,0.1,mnist-rgb-remove,50
pcaegem,none,0,0.979,0.98,1.0,0.2,mnist-rgb-remove,50
pcaegem,none,0,0.982,1.0,1.0,0.3,mnist-rgb-remove,50
pcaegem,none,0,0.983,1.0,1.0,0.4,mnist-rgb-remove,50
pcaegem,none,0,0.984,1.0,1.0,0.5,mnist-rgb-remove,50
pcaegem,none,0,0.985,1.0,1.0,0.6,mnist-rgb-remove,50
pcaegem,none,0,0.985,1.0,1.0,0.7,mnist-rgb-remove,50
pcaegem,none,0,0.985,1.0,1.0,0.8,mnist-rgb-remove,50
pcaegem,none,0,0.985,1.0,1.0,0.9,mnist-rgb-remove,50
pcaegem,none,0,0.987,1.0,1.0,0.99,mnist-rgb-remove,50
pcaegem,none,1,0.339,0.34,0.99,0.001,mnist-rgb-remove,50
pcaegem,none,1,0.904,0.88,0.99,0.01,mnist-rgb-remove,50
pcaegem,none,1,0.977,0.98,0.99,0.1,mnist-rgb-remove,50
pcaegem,none,1,0.982,0.99,0.99,0.2,mnist-rgb-remove,50
pcaegem,none,1,0.985,0.99,0.99,0.3,mnist-rgb-remove,50
pcaegem,none,1,0.984,0.99,0.99,0.4,mnist-rgb-remove,50
pcaegem,none,1,0.986,0.99,0.99,0.5,mnist-rgb-remove,50
pcaegem,none,1,0.986,0.99,0.99,0.6,mnist-rgb-remove,50
pcaegem,none,1,0.985,0.99,0.99,0.7,mnist-rgb-remove,50
pcaegem,none,1,0.985,0.99,0.99,0.8,mnist-rgb-remove,50
pcaegem,none,1,0.986,0.99,0.99,0.9,mnist-rgb-remove,50
pcaegem,none,1,0.986,0.99,0.99,0.99,mnist-rgb-remove,50
pcaegem,none,2,0.26,0.25,0.99,0.001,mnist-rgb-remove,50
pcaegem,none,2,0.888,0.91,0.99,0.01,mnist-rgb-remove,50
pcaegem,none,2,0.978,0.97,0.99,0.1,mnist-rgb-remove,50
pcaegem,none,2,0.985,0.99,0.99,0.2,mnist-rgb-remove,50
pcaegem,none,2,0.986,0.99,0.99,0.3,mnist-rgb-remove,50
pcaegem,none,2,0.985,0.99,0.99,0.4,mnist-rgb-remove,50
pcaegem,none,2,0.986,0.99,0.99,0.5,mnist-rgb-remove,50
pcaegem,none,2,0.985,0.99,0.99,0.6,mnist-rgb-remove,50
pcaegem,none,2,0.986,0.99,0.99,0.7,mnist-rgb-remove,50
pcaegem,none,2,0.988,0.99,0.99,0.8,mnist-rgb-remove,50
pcaegem,none,2,0.989,0.99,0.99,0.9,mnist-rgb-remove,50
pcaegem,none,2,0.989,0.99,0.99,0.99,mnist-rgb-remove,50
pcaegem,none,3,0.295,0.18,0.99,0.001,mnist-rgb-remove,50
pcaegem,none,3,0.913,0.91,0.99,0.01,mnist-rgb-remove,50
pcaegem,none,3,0.976,0.99,0.99,0.1,mnist-rgb-remove,50
pcaegem,none,3,0.981,0.99,0.99,0.2,mnist-rgb-remove,50
pcaegem,none,3,0.983,0.99,0.99,0.3,mnist-rgb-remove,50
pcaegem,none,3,0.984,0.98,0.99,0.4,mnist-rgb-remove,50
pcaegem,none,3,0.985,0.99,0.99,0.5,mnist-rgb-remove,50
pcaegem,none,3,0.984,0.99,0.99,0.6,mnist-rgb-remove,50
pcaegem,none,3,0.984,0.99,0.99,0.7,mnist-rgb-remove,50
pcaegem,none,3,0.985,0.99,0.99,0.8,mnist-rgb-remove,50
pcaegem,none,3,0.986,0.99,0.99,0.9,mnist-rgb-remove,50
pcaegem,none,3,0.986,0.99,0.99,0.99,mnist-rgb-remove,50
pcaegem,none,4,0.313,0.19,0.99,0.001,mnist-rgb-remove,50
pcaegem,none,4,0.878,0.85,0.99,0.01,mnist-rgb-remove,50
pcaegem,none,4,0.982,0.98,0.99,0.1,mnist-rgb-remove,50
pcaegem,none,4,0.983,0.99,0.99,0.2,mnist-rgb-remove,50
pcaegem,none,4,0.983,0.99,0.99,0.3,mnist-rgb-remove,50
pcaegem,none,4,0.983,0.99,0.99,0.4,mnist-rgb-remove,50
pcaegem,none,4,0.985,0.99,0.99,0.5,mnist-rgb-remove,50
pcaegem,none,4,0.986,0.99,0.99,0.6,mnist-rgb-remove,50
pcaegem,none,4,0.985,0.99,0.99,0.7,mnist-rgb-remove,50
pcaegem,none,4,0.987,0.99,0.99,0.8,mnist-rgb-remove,50
pcaegem,none,4,0.988,0.99,0.99,0.9,mnist-rgb-remove,50
pcaegem,none,4,0.986,0.99,0.99,0.99,mnist-rgb-remove,50
egem,none,0,0.113,0.09,1.0,0.001,mnist-rgb-remove,50
egem,none,0,0.776,0.74,1.0,0.01,mnist-rgb-remove,50
egem,none,0,0.956,0.93,1.0,0.1,mnist-rgb-remove,50
egem,none,0,0.966,0.97,1.0,0.2,mnist-rgb-remove,50
egem,none,0,0.976,0.98,1.0,0.3,mnist-rgb-remove,50
egem,none,0,0.983,0.99,1.0,0.4,mnist-rgb-remove,50
egem,none,0,0.988,0.99,1.0,0.5,mnist-rgb-remove,50
egem,none,0,0.988,1.0,1.0,0.6,mnist-rgb-remove,50
egem,none,0,0.988,1.0,1.0,0.7,mnist-rgb-remove,50
egem,none,0,0.989,1.0,1.0,0.8,mnist-rgb-remove,50
egem,none,0,0.989,1.0,1.0,0.9,mnist-rgb-remove,50
egem,none,0,0.988,1.0,1.0,0.99,mnist-rgb-remove,50
egem,none,1,0.112,0.1,0.97,0.001,mnist-rgb-remove,50
egem,none,1,0.778,0.78,0.97,0.01,mnist-rgb-remove,50
egem,none,1,0.959,0.9,0.97,0.1,mnist-rgb-remove,50
egem,none,1,0.966,0.91,0.97,0.2,mnist-rgb-remove,50
egem,none,1,0.974,0.94,0.97,0.3,mnist-rgb-remove,50
egem,none,1,0.983,0.97,0.97,0.4,mnist-rgb-remove,50
egem,none,1,0.988,0.97,0.97,0.5,mnist-rgb-remove,50
egem,none,1,0.989,0.97,0.97,0.6,mnist-rgb-remove,50
egem,none,1,0.988,0.97,0.97,0.7,mnist-rgb-remove,50
egem,none,1,0.989,0.97,0.97,0.8,mnist-rgb-remove,50
egem,none,1,0.989,0.97,0.97,0.9,mnist-rgb-remove,50
egem,none,1,0.988,0.97,0.97,0.99,mnist-rgb-remove,50
egem,none,2,0.112,0.09,0.98,0.001,mnist-rgb-remove,50
egem,none,2,0.757,0.77,0.98,0.01,mnist-rgb-remove,50
egem,none,2,0.947,0.98,0.98,0.1,mnist-rgb-remove,50
egem,none,2,0.964,0.98,0.98,0.2,mnist-rgb-remove,50
egem,none,2,0.975,0.98,0.98,0.3,mnist-rgb-remove,50
egem,none,2,0.982,0.98,0.98,0.4,mnist-rgb-remove,50
egem,none,2,0.988,0.98,0.98,0.5,mnist-rgb-remove,50
egem,none,2,0.989,0.98,0.98,0.6,mnist-rgb-remove,50
egem,none,2,0.988,0.98,0.98,0.7,mnist-rgb-remove,50
egem,none,2,0.989,0.98,0.98,0.8,mnist-rgb-remove,50
egem,none,2,0.988,0.98,0.98,0.9,mnist-rgb-remove,50
egem,none,2,0.988,0.98,0.98,0.99,mnist-rgb-remove,50
egem,none,3,0.113,0.1,1.0,0.001,mnist-rgb-remove,50
egem,none,3,0.791,0.82,1.0,0.01,mnist-rgb-remove,50
egem,none,3,0.938,0.96,1.0,0.1,mnist-rgb-remove,50
egem,none,3,0.967,0.98,1.0,0.2,mnist-rgb-remove,50
egem,none,3,0.976,1.0,1.0,0.3,mnist-rgb-remove,50
egem,none,3,0.984,1.0,1.0,0.4,mnist-rgb-remove,50
egem,none,3,0.987,1.0,1.0,0.5,mnist-rgb-remove,50
egem,none,3,0.989,1.0,1.0,0.6,mnist-rgb-remove,50
egem,none,3,0.988,1.0,1.0,0.7,mnist-rgb-remove,50
egem,none,3,0.989,1.0,1.0,0.8,mnist-rgb-remove,50
egem,none,3,0.989,1.0,1.0,0.9,mnist-rgb-remove,50
egem,none,3,0.988,1.0,1.0,0.99,mnist-rgb-remove,50
egem,none,4,0.113,0.07,1.0,0.001,mnist-rgb-remove,50
egem,none,4,0.759,0.75,1.0,0.01,mnist-rgb-remove,50
egem,none,4,0.953,0.98,1.0,0.1,mnist-rgb-remove,50
egem,none,4,0.963,0.99,1.0,0.2,mnist-rgb-remove,50
egem,none,4,0.976,0.99,1.0,0.3,mnist-rgb-remove,50
egem,none,4,0.982,0.98,1.0,0.4,mnist-rgb-remove,50
egem,none,4,0.987,0.99,1.0,0.5,mnist-rgb-remove,50
egem,none,4,0.988,0.99,1.0,0.6,mnist-rgb-remove,50
egem,none,4,0.988,0.99,1.0,0.7,mnist-rgb-remove,50
egem,none,4,0.989,1.0,1.0,0.8,mnist-rgb-remove,50
egem,none,4,0.988,1.0,1.0,0.9,mnist-rgb-remove,50
egem,none,4,0.988,1.0,1.0,0.99,mnist-rgb-remove,50
none,uniform,0,0.852,1.0,,,mnist-rgb-remove,50
none,uniform,1,0.852,1.0,,,mnist-rgb-remove,50
none,uniform,2,0.852,0.99,,,mnist-rgb-remove,50
none,uniform,3,0.852,0.99,,,mnist-rgb-remove,50
none,uniform,4,0.852,0.99,,,mnist-rgb-remove,50
pcaegem,uniform,0,0.258,0.24,1.0,0.001,mnist-rgb-remove,50
pcaegem,uniform,0,0.867,0.91,1.0,0.01,mnist-rgb-remove,50
pcaegem,uniform,0,0.954,0.98,1.0,0.1,mnist-rgb-remove,50
pcaegem,uniform,0,0.944,0.98,1.0,0.2,mnist-rgb-remove,50
pcaegem,uniform,0,0.928,1.0,1.0,0.3,mnist-rgb-remove,50
pcaegem,uniform,0,0.929,1.0,1.0,0.4,mnist-rgb-remove,50
pcaegem,uniform,0,0.916,1.0,1.0,0.5,mnist-rgb-remove,50
pcaegem,uniform,0,0.912,1.0,1.0,0.6,mnist-rgb-remove,50
pcaegem,uniform,0,0.901,1.0,1.0,0.7,mnist-rgb-remove,50
pcaegem,uniform,0,0.895,1.0,1.0,0.8,mnist-rgb-remove,50
pcaegem,uniform,0,0.891,1.0,1.0,0.9,mnist-rgb-remove,50
pcaegem,uniform,0,0.884,1.0,1.0,0.99,mnist-rgb-remove,50
pcaegem,uniform,1,0.222,0.34,0.99,0.001,mnist-rgb-remove,50
pcaegem,uniform,1,0.855,0.88,0.99,0.01,mnist-rgb-remove,50
pcaegem,uniform,1,0.954,0.98,0.99,0.1,mnist-rgb-remove,50
pcaegem,uniform,1,0.953,0.99,0.99,0.2,mnist-rgb-remove,50
pcaegem,uniform,1,0.939,0.99,0.99,0.3,mnist-rgb-remove,50
pcaegem,uniform,1,0.939,0.99,0.99,0.4,mnist-rgb-remove,50
pcaegem,uniform,1,0.928,0.99,0.99,0.5,mnist-rgb-remove,50
pcaegem,uniform,1,0.924,0.99,0.99,0.6,mnist-rgb-remove,50
pcaegem,uniform,1,0.913,0.99,0.99,0.7,mnist-rgb-remove,50
pcaegem,uniform,1,0.905,0.99,0.99,0.8,mnist-rgb-remove,50
pcaegem,uniform,1,0.892,0.99,0.99,0.9,mnist-rgb-remove,50
pcaegem,uniform,1,0.885,0.99,0.99,0.99,mnist-rgb-remove,50
pcaegem,uniform,2,0.232,0.25,0.99,0.001,mnist-rgb-remove,50
pcaegem,uniform,2,0.861,0.91,0.99,0.01,mnist-rgb-remove,50
pcaegem,uniform,2,0.956,0.97,0.99,0.1,mnist-rgb-remove,50
pcaegem,uniform,2,0.954,0.99,0.99,0.2,mnist-rgb-remove,50
pcaegem,uniform,2,0.94,0.99,0.99,0.3,mnist-rgb-remove,50
pcaegem,uniform,2,0.937,0.99,0.99,0.4,mnist-rgb-remove,50
pcaegem,uniform,2,0.927,0.99,0.99,0.5,mnist-rgb-remove,50
pcaegem,uniform,2,0.925,0.99,0.99,0.6,mnist-rgb-remove,50
pcaegem,uniform,2,0.903,0.99,0.99,0.7,mnist-rgb-remove,50
pcaegem,uniform,2,0.892,0.99,0.99,0.8,mnist-rgb-remove,50
pcaegem,uniform,2,0.884,0.99,0.99,0.9,mnist-rgb-remove,50
pcaegem,uniform,2,0.881,0.99,0.99,0.99,mnist-rgb-remove,50
pcaegem,uniform,3,0.234,0.18,0.99,0.001,mnist-rgb-remove,50
pcaegem,uniform,3,0.854,0.91,0.99,0.01,mnist-rgb-remove,50
pcaegem,uniform,3,0.96,0.99,0.99,0.1,mnist-rgb-remove,50
pcaegem,uniform,3,0.958,0.99,0.99,0.2,mnist-rgb-remove,50
pcaegem,uniform,3,0.949,0.99,0.99,0.3,mnist-rgb-remove,50
pcaegem,uniform,3,0.953,0.98,0.99,0.4,mnist-rgb-remove,50
pcaegem,uniform,3,0.941,0.99,0.99,0.5,mnist-rgb-remove,50
pcaegem,uniform,3,0.935,0.99,0.99,0.6,mnist-rgb-remove,50
pcaegem,uniform,3,0.915,0.99,0.99,0.7,mnist-rgb-remove,50
pcaegem,uniform,3,0.904,0.99,0.99,0.8,mnist-rgb-remove,50
pcaegem,uniform,3,0.903,0.99,0.99,0.9,mnist-rgb-remove,50
pcaegem,uniform,3,0.894,0.99,0.99,0.99,mnist-rgb-remove,50
pcaegem,uniform,4,0.287,0.19,0.99,0.001,mnist-rgb-remove,50
pcaegem,uniform,4,0.815,0.85,0.99,0.01,mnist-rgb-remove,50
pcaegem,uniform,4,0.95,0.98,0.99,0.1,mnist-rgb-remove,50
pcaegem,uniform,4,0.946,0.99,0.99,0.2,mnist-rgb-remove,50
pcaegem,uniform,4,0.937,0.99,0.99,0.3,mnist-rgb-remove,50
pcaegem,uniform,4,0.937,0.99,0.99,0.4,mnist-rgb-remove,50
pcaegem,uniform,4,0.925,0.99,0.99,0.5,mnist-rgb-remove,50
pcaegem,uniform,4,0.922,0.99,0.99,0.6,mnist-rgb-remove,50
pcaegem,uniform,4,0.912,0.99,0.99,0.7,mnist-rgb-remove,50
pcaegem,uniform,4,0.9,0.99,0.99,0.8,mnist-rgb-remove,50
pcaegem,uniform,4,0.893,0.99,0.99,0.9,mnist-rgb-remove,50
pcaegem,uniform,4,0.887,0.99,0.99,0.99,mnist-rgb-remove,50
egem,uniform,0,0.112,0.09,1.0,0.001,mnist-rgb-remove,50
egem,uniform,0,0.554,0.74,1.0,0.01,mnist-rgb-remove,50
egem,uniform,0,0.789,0.93,1.0,0.1,mnist-rgb-remove,50
egem,uniform,0,0.824,0.97,1.0,0.2,mnist-rgb-remove,50
egem,uniform,0,0.84,0.98,1.0,0.3,mnist-rgb-remove,50
egem,uniform,0,0.845,0.99,1.0,0.4,mnist-rgb-remove,50
egem,uniform,0,0.846,0.99,1.0,0.5,mnist-rgb-remove,50
egem,uniform,0,0.846,1.0,1.0,0.6,mnist-rgb-remove,50
egem,uniform,0,0.849,1.0,1.0,0.7,mnist-rgb-remove,50
egem,uniform,0,0.852,1.0,1.0,0.8,mnist-rgb-remove,50
egem,uniform,0,0.852,1.0,1.0,0.9,mnist-rgb-remove,50
egem,uniform,0,0.852,1.0,1.0,0.99,mnist-rgb-remove,50
egem,uniform,1,0.112,0.1,0.97,0.001,mnist-rgb-remove,50
egem,uniform,1,0.556,0.78,0.97,0.01,mnist-rgb-remove,50
egem,uniform,1,0.797,0.9,0.97,0.1,mnist-rgb-remove,50
egem,uniform,1,0.818,0.91,0.97,0.2,mnist-rgb-remove,50
egem,uniform,1,0.842,0.94,0.97,0.3,mnist-rgb-remove,50
egem,uniform,1,0.843,0.97,0.97,0.4,mnist-rgb-remove,50
egem,uniform,1,0.847,0.97,0.97,0.5,mnist-rgb-remove,50
egem,uniform,1,0.845,0.97,0.97,0.6,mnist-rgb-remove,50
egem,uniform,1,0.848,0.97,0.97,0.7,mnist-rgb-remove,50
egem,uniform,1,0.852,0.97,0.97,0.8,mnist-rgb-remove,50
egem,uniform,1,0.852,0.97,0.97,0.9,mnist-rgb-remove,50
egem,uniform,1,0.852,0.97,0.97,0.99,mnist-rgb-remove,50
egem,uniform,2,0.112,0.09,0.98,0.001,mnist-rgb-remove,50
egem,uniform,2,0.553,0.77,0.98,0.01,mnist-rgb-remove,50
egem,uniform,2,0.791,0.98,0.98,0.1,mnist-rgb-remove,50
egem,uniform,2,0.829,0.98,0.98,0.2,mnist-rgb-remove,50
egem,uniform,2,0.852,0.98,0.98,0.3,mnist-rgb-remove,50
egem,uniform,2,0.853,0.98,0.98,0.4,mnist-rgb-remove,50
egem,uniform,2,0.848,0.98,0.98,0.5,mnist-rgb-remove,50
egem,uniform,2,0.845,0.98,0.98,0.6,mnist-rgb-remove,50
egem,uniform,2,0.849,0.98,0.98,0.7,mnist-rgb-remove,50
egem,uniform,2,0.852,0.98,0.98,0.8,mnist-rgb-remove,50
egem,uniform,2,0.852,0.98,0.98,0.9,mnist-rgb-remove,50
egem,uniform,2,0.852,0.98,0.98,0.99,mnist-rgb-remove,50
egem,uniform,3,0.112,0.1,1.0,0.001,mnist-rgb-remove,50
egem,uniform,3,0.561,0.82,1.0,0.01,mnist-rgb-remove,50
egem,uniform,3,0.766,0.96,1.0,0.1,mnist-rgb-remove,50
egem,uniform,3,0.83,0.98,1.0,0.2,mnist-rgb-remove,50
egem,uniform,3,0.844,1.0,1.0,0.3,mnist-rgb-remove,50
egem,uniform,3,0.849,1.0,1.0,0.4,mnist-rgb-remove,50
egem,uniform,3,0.852,1.0,1.0,0.5,mnist-rgb-remove,50
egem,uniform,3,0.844,1.0,1.0,0.6,mnist-rgb-remove,50
egem,uniform,3,0.849,1.0,1.0,0.7,mnist-rgb-remove,50
egem,uniform,3,0.852,1.0,1.0,0.8,mnist-rgb-remove,50
egem,uniform,3,0.852,1.0,1.0,0.9,mnist-rgb-remove,50
egem,uniform,3,0.852,1.0,1.0,0.99,mnist-rgb-remove,50
egem,uniform,4,0.112,0.07,1.0,0.001,mnist-rgb-remove,50
egem,uniform,4,0.548,0.75,1.0,0.01,mnist-rgb-remove,50
egem,uniform,4,0.786,0.98,1.0,0.1,mnist-rgb-remove,50
egem,uniform,4,0.818,0.99,1.0,0.2,mnist-rgb-remove,50
egem,uniform,4,0.839,0.99,1.0,0.3,mnist-rgb-remove,50
egem,uniform,4,0.843,0.98,1.0,0.4,mnist-rgb-remove,50
egem,uniform,4,0.848,0.99,1.0,0.5,mnist-rgb-remove,50
egem,uniform,4,0.844,0.99,1.0,0.6,mnist-rgb-remove,50
egem,uniform,4,0.849,0.99,1.0,0.7,mnist-rgb-remove,50
egem,uniform,4,0.852,1.0,1.0,0.8,mnist-rgb-remove,50
egem,uniform,4,0.852,1.0,1.0,0.9,mnist-rgb-remove,50
egem,uniform,4,0.852,1.0,1.0,0.99,mnist-rgb-remove,50
